#
# There is insufficient memory for the Java Runtime Environment to continue.
# Native memory allocation (malloc) failed to allocate 2097152 bytes. Error detail: AllocateHeap
# Possible reasons:
#   The system is out of physical RAM or swap space
#   This process is running with CompressedOops enabled, and the Java Heap may be blocking the growth of the native heap
# Possible solutions:
#   Reduce memory load on the system
#   Increase physical memory or swap space
#   Check if swap backing store is full
#   Decrease Java heap size (-Xmx/-Xms)
#   Decrease number of Java threads
#   Decrease Java thread stack sizes (-Xss)
#   Set larger code cache with -XX:ReservedCodeCacheSize=
#   JVM is running with Zero Based Compressed Oops mode in which the Java heap is
#     placed in the first 32GB address space. The Java Heap base address is the
#     maximum limit for the native heap growth. Please use -XX:HeapBaseMinAddress
#     to set the Java Heap base and to place the Java Heap above 32GB virtual address.
# This output file may be truncated or incomplete.
#
#  Out of Memory Error (allocation.cpp:44), pid=1860, tid=8120
#
# JRE version: OpenJDK Runtime Environment Zulu17.62+17-CA (17.0.17+10) (build 17.0.17+10-LTS)
# Java VM: OpenJDK 64-Bit Server VM Zulu17.62+17-CA (17.0.17+10-LTS, mixed mode, sharing, tiered, compressed oops, compressed class ptrs, g1 gc, windows-amd64)
# No core dump will be written. Minidumps are not enabled by default on client versions of Windows
#

---------------  S U M M A R Y ------------

Command Line: -XX:HeapDumpPath=MojangTricksIntelDriversForPerformance_javaw.exe_minecraft.exe.heapdump -Djava.library.path=C:\Users\Bomm\AppData\Roaming\ModrinthApp\meta\natives\1.20.1-0.19.2 -Djna.tmpdir=C:\Users\Bomm\AppData\Roaming\ModrinthApp\meta\natives\1.20.1-0.19.2 -Dorg.lwjgl.system.SharedLibraryExtractPath=C:\Users\Bomm\AppData\Roaming\ModrinthApp\meta\natives\1.20.1-0.19.2 -Dio.netty.native.workdir=C:\Users\Bomm\AppData\Roaming\ModrinthApp\meta\natives\1.20.1-0.19.2 -Dminecraft.launcher.brand=theseus -Dminecraft.launcher.version=0.13.6 -DFabricMcEmu=net.minecraft.client.main.Main -Xmx16384M -Dlog4j.configurationFile=C:\Users\Bomm\AppData\Roaming\ModrinthApp\meta\log_configs\client-1.12.xml -javaagent:C:\Users\Bomm\AppData\Local\Temp\.tmpfIyJWb\theseus.jar -Dmodrinth.internal.ipc.host=127.0.0.1 -Dmodrinth.internal.ipc.port=61897 -Dmodrinth.internal.quickPlay.serverVersion=BUILTIN --add-opens=java.base/java.lang.reflect=ALL-UNNAMED com.modrinth.theseus.MinecraftLaunch net.fabricmc.loader.impl.launch.knot.KnotClient --username Mister_T_ --version 1.20.1 --gameDir C:\Users\Bomm\AppData\Roaming\ModrinthApp\profiles\Crate-Rpg --assetsDir C:\Users\Bomm\AppData\Roaming\ModrinthApp\meta\assets --assetIndex 5 --uuid 75f7ee89ec8c4958830517fcf716771a --accessToken eyJraWQiOiIwNDkxODEiLCJhbGciOiJSUzI1NiJ9.eyJ4dWlkIjoiMjUzNTQzNzYyNzM3MTcxNyIsImFnZyI6IkFkdWx0Iiwic3ViIjoiYzMzMGYxYzgtNDY4NS00NjA0LThjMDEtMWM3NTA4NWRkMTBjIiwiYXV0aCI6IlhCT1giLCJucyI6ImRlZmF1bHQiLCJyb2xlcyI6W10sImlzcyI6ImF1dGhlbnRpY2F0aW9uIiwiZmxhZ3MiOlsibXVsdGlwbGF5ZXIiXSwicHJvZmlsZXMiOnsibWMiOiI3NWY3ZWU4OS1lYzhjLTQ5NTgtODMwNS0xN2ZjZjcxNjc3MWEifSwicG1pZCI6IjM2ODQ1YTkwLTk5OGUtNTViOC1iZjIxLTI2ODhkNzg5OWI1OSIsInBsYXRmb3JtIjoiUENfTEFVTkNIRVIiLCJ0aWQiOiJFOTlCMCIsInBmZCI6W3sidHlwZSI6Im1jIiwiaWQiOiI3NWY3ZWU4OS1lYzhjLTQ5NTgtODMwNS0xN2ZjZjcxNjc3MWEiLCJuYW1lIjoiTWlzdGVyX1RfIn1dLCJ4aWQiOiIyNTM1NDM3NjI3MzcxNzE3IiwibmJmIjoxNzc3NDk1Mjk3LCJleHAiOjE3Nzc1ODE2OTcsImlhdCI6MTc3NzQ5NTI5NywiYWlkIjoiMDAwMDAwMDAtMDAwMC0wMDAwLTAwMDAtMDAwMDQwMmI1MzI4In0.LLjnjQQ6YmOC5Uooc7bRB37d3i1rihvQ92cl8UNe5LRxdGBgSTrPs80DihBMvKDNHNV9ebnB1orzqDUA5yZZdd--iDAX3UdO1UrNgIHV8wwgaf2L3Xfv3Ts5OYbsGxk5QVg7INxlNxa1oVyAH-xipmUjdNBViKQEaG1l5X7zLKOvGlXN-t6fvcR_jTT54rD8TnMfV1jwCUaw4VXgaty5Rlrsg13j7D_SJffW93eNWq4ZldTdUJ2EO7b3avkiTGyT6XzvojuquBIG80J38ameDdhic26k7aA0ktAonJY9UtV-RNZiZLOlLz2mCAFXhXjsPTA2IB_KgUkUyhgtIU_R7A --clientId c4502edb-87c6-40cb-b595-64a280cf8906 --xuid 0 --userType msa --versionType release --width 854 --height 480

Host: 13th Gen Intel(R) Core(TM) i7-13700KF, 24 cores, 31G,  Windows 11 , 64 bit Build 26100 (10.0.26100.7623)
Time: Wed Apr 29 22:46:59 2026 Mitteleuropäische Sommerzeit elapsed time: 100.038205 seconds (0d 0h 1m 40s)

---------------  T H R E A D  ---------------

Current thread (0x0000019cffb9dfd0):  VMThread "VM Thread" [stack: 0x0000008808500000,0x0000008808600000] [id=8120]

Stack: [0x0000008808500000,0x0000008808600000]
Native frames: (J=compiled Java code, j=interpreted, Vv=VM code, C=native code)
V  [jvm.dll+0x6855c9]
V  [jvm.dll+0x83d44a]
V  [jvm.dll+0x83ef0e]
V  [jvm.dll+0x83f573]
V  [jvm.dll+0x24c67f]
V  [jvm.dll+0xa7133]
V  [jvm.dll+0x2fd8b1]
V  [jvm.dll+0x2f94b0]
V  [jvm.dll+0x2e1f5f]
V  [jvm.dll+0x3249f7]
V  [jvm.dll+0x843a6d]
V  [jvm.dll+0x8447b2]
V  [jvm.dll+0x844cdf]
V  [jvm.dll+0x8450c4]
V  [jvm.dll+0x845190]
V  [jvm.dll+0x7ec93c]
V  [jvm.dll+0x684497]
C  [ucrtbase.dll+0x37b0]
C  [KERNEL32.DLL+0x2e8d7]
C  [ntdll.dll+0x8c53c]

VM_Operation (0x0000008807ffe500): G1CollectFull, mode: safepoint, requested by thread 0x0000019ce15ed290


---------------  P R O C E S S  ---------------

Threads class SMR info:
_java_thread_list=0x0000019ed25a7ca0, length=165, elements={
0x0000019ce15ed290, 0x0000019cffba33d0, 0x0000019cffba3ca0, 0x0000019cffbbd680,
0x0000019cffbbff60, 0x0000019cffbc0830, 0x0000019cffbc1100, 0x0000019cffbca110,
0x0000019cffbcca30, 0x0000019cffbdf360, 0x0000019cffcdba20, 0x0000019cffdccea0,
0x0000019cffe554a0, 0x0000019cffe521d0, 0x0000019d46dd5680, 0x0000019d50307ff0,
0x0000019d5030a360, 0x0000019d503075d0, 0x0000019d5030c1c0, 0x0000019d46dd65b0,
0x0000019d46dd4240, 0x0000019d4685d680, 0x0000019d4685e0a0, 0x0000019d4685db90,
0x0000019d4685cc60, 0x0000019d4685e5b0, 0x0000019d4685bd30, 0x0000019d4685eac0,
0x0000019d4685f9f0, 0x0000019d4685c240, 0x0000019d4685c750, 0x0000019d468636b0,
0x0000019d46860920, 0x0000019d4685ff00, 0x0000019d46861850, 0x0000019d46860410,
0x0000019d46860e30, 0x0000019d46861340, 0x0000019d46861d60, 0x0000019d46862270,
0x0000019d46862780, 0x0000019d46862c90, 0x0000019d468631a0, 0x0000019d50309e50,
0x0000019d4fc33f30, 0x0000019d4fc35d90, 0x0000019d4fc33510, 0x0000019d4fc34e60,
0x0000019d50d90100, 0x0000019d4d494010, 0x0000019d4d495e70, 0x0000019d4d494a30,
0x0000019d4d494f40, 0x0000019d4d495960, 0x0000019d4d496380, 0x0000019d4d4981e0,
0x0000019d4d499110, 0x0000019d4d499620, 0x0000019d4fc367b0, 0x0000019d4fc35370,
0x0000019d4fc37bf0, 0x0000019d4fc3ae90, 0x0000019d50d8d880, 0x0000019d50d90610,
0x0000019d50d91540, 0x0000019d50d8e2a0, 0x0000019d50d91f60, 0x0000019d50d938b0,
0x0000019d4d496890, 0x0000019d5030d0f0, 0x0000019d4d496da0, 0x0000019d4d49af70,
0x0000019d4d49b480, 0x0000019d4685efd0, 0x0000019d4685f4e0, 0x0000019d46dd4c60,
0x0000019d50d92980, 0x0000019d4fc39030, 0x0000019d4fc3a470, 0x0000019caaa8e6d0,
0x0000019caaa8c870, 0x0000019caaa8b430, 0x0000019caaa8c360, 0x0000019caaa8cd80,
0x0000019caaa8d290, 0x0000019caaa8af20, 0x0000019d5135ae70, 0x0000019d5135d6f0,
0x0000019d51360480, 0x0000019e559f70e0, 0x0000019caecf92b0, 0x0000019caecf9d50,
0x0000019caecf62e0, 0x0000019e559f61b0, 0x0000019e76b0a6e0, 0x0000019e53ccb8e0,
0x0000019caa4cc530, 0x0000019da1490ec0, 0x0000019da148ff90, 0x0000019da14913d0,
0x0000019da148f060, 0x0000019da14904a0, 0x0000019e53ccbdf0, 0x0000019e53ccc300,
0x0000019e53cccd20, 0x0000019e53ccc810, 0x0000019e53ccb3d0, 0x0000019ed3cb24e0,
0x0000019e8c63ffc0, 0x0000019e8c63efd0, 0x0000019ed3cb29f0, 0x0000019ed3caf240,
0x0000019ed3cb1ac0, 0x0000019ed3cb0b90, 0x0000019ed3caf750, 0x0000019ed3cb1fd0,
0x0000019ed3cb15b0, 0x0000019ed3cafc60, 0x0000019ed3cb0170, 0x0000019ed3cb0680,
0x0000019ed3cb10a0, 0x0000019ed3487440, 0x0000019e8c63dfe0, 0x0000019e76b092a0,
0x0000019d4edc8aa0, 0x0000019cb7683d10, 0x0000019e8c63ea80, 0x0000019e8c641fa0,
0x0000019e8c63f520, 0x0000019e8c63e530, 0x0000019e77c6b780, 0x0000019e5dbbe860,
0x0000019e539ebbd0, 0x0000019e5de6dd90, 0x0000019e5de6e2a0, 0x0000019e5de6e7b0,
0x0000019d9f3cc9b0, 0x0000019d9f3ccec0, 0x0000019caa4cd460, 0x0000019caa4cca40,
0x0000019caa4cd970, 0x0000019eaea9a3a0, 0x0000019e76b097b0, 0x0000019e559f5280,
0x0000019e559f6bd0, 0x0000019e76b17250, 0x0000019ed22da060, 0x0000019ed4c330f0,
0x0000019ed2e27800, 0x0000019ed2e24560, 0x0000019da1492300, 0x0000019ed22db9b0,
0x0000019ed22daf90, 0x0000019ed22db4a0, 0x0000019ed22da570, 0x0000019da32fb6b0,
0x0000019ed4c32be0, 0x0000019eaea99e90, 0x0000019d9f3cab50, 0x0000019ed4c33b10,
0x0000019e76c079d0, 0x0000019ed4c321c0, 0x0000019ed4c326d0, 0x0000019ed4c33600,
0x0000019da14909b0
}

Java Threads: ( => current thread )
  0x0000019ce15ed290 JavaThread "Render thread" [_thread_blocked, id=29416, stack(0x0000008807f00000,0x0000008808000000)]
  0x0000019cffba33d0 JavaThread "Reference Handler" daemon [_thread_blocked, id=22980, stack(0x0000008808600000,0x0000008808700000)]
  0x0000019cffba3ca0 JavaThread "Finalizer" daemon [_thread_blocked, id=16416, stack(0x0000008808700000,0x0000008808800000)]
  0x0000019cffbbd680 JavaThread "Signal Dispatcher" daemon [_thread_blocked, id=21240, stack(0x0000008808800000,0x0000008808900000)]
  0x0000019cffbbff60 JavaThread "Attach Listener" daemon [_thread_blocked, id=6752, stack(0x0000008808900000,0x0000008808a00000)]
  0x0000019cffbc0830 JavaThread "Service Thread" daemon [_thread_blocked, id=15740, stack(0x0000008808a00000,0x0000008808b00000)]
  0x0000019cffbc1100 JavaThread "Monitor Deflation Thread" daemon [_thread_blocked, id=26908, stack(0x0000008808b00000,0x0000008808c00000)]
  0x0000019cffbca110 JavaThread "C2 CompilerThread0" daemon [_thread_blocked, id=18908, stack(0x0000008808c00000,0x0000008808d00000)]
  0x0000019cffbcca30 JavaThread "C1 CompilerThread0" daemon [_thread_blocked, id=7932, stack(0x0000008808d00000,0x0000008808e00000)]
  0x0000019cffbdf360 JavaThread "Sweeper thread" daemon [_thread_blocked, id=27456, stack(0x0000008808e00000,0x0000008808f00000)]
  0x0000019cffcdba20 JavaThread "Common-Cleaner" daemon [_thread_blocked, id=11204, stack(0x0000008808f00000,0x0000008809000000)]
  0x0000019cffdccea0 JavaThread "Notification Thread" daemon [_thread_blocked, id=8904, stack(0x0000008809300000,0x0000008809400000)]
  0x0000019cffe554a0 JavaThread "Theseus RPC Main" daemon [_thread_blocked, id=22464, stack(0x0000008809500000,0x0000008809600000)]
  0x0000019cffe521d0 JavaThread "Theseus RPC Read" daemon [_thread_in_native, id=15944, stack(0x0000008809600000,0x0000008809700000)]
  0x0000019d46dd5680 JavaThread "JNA Cleaner" daemon [_thread_blocked, id=27940, stack(0x000000880bd00000,0x000000880be00000)]
  0x0000019d50307ff0 JavaThread "DH-Log Ticker Thread[0]" daemon [_thread_blocked, id=22772, stack(0x000000880c100000,0x000000880c200000)]
  0x0000019d5030a360 JavaThread "Timer hack thread" daemon [_thread_blocked, id=30740, stack(0x000000880a600000,0x000000880a700000)]
  0x0000019d503075d0 JavaThread "Yggdrasil Key Fetcher" daemon [_thread_blocked, id=19968, stack(0x000000880a800000,0x000000880a900000)]
  0x0000019d5030c1c0 JavaThread "FileSystemWatchService" daemon [_thread_in_native, id=24660, stack(0x000000880a500000,0x000000880a600000)]
  0x0000019d46dd65b0 JavaThread "FileSystemWatchService" daemon [_thread_in_native, id=32216, stack(0x000000880c500000,0x000000880c600000)]
  0x0000019d46dd4240 JavaThread "Auto-Sync thread" daemon [_thread_blocked, id=21552, stack(0x000000880c600000,0x000000880c700000)]
  0x0000019d4685d680 JavaThread "FileSystemWatchService" daemon [_thread_in_native, id=19460, stack(0x000000880c400000,0x000000880c500000)]
  0x0000019d4685e0a0 JavaThread "config-file-watcher-0-0" daemon [_thread_blocked, id=24020, stack(0x000000880c700000,0x000000880c800000)]
  0x0000019d4685db90 JavaThread "FileWatcher-1-thread-1" daemon [_thread_blocked, id=18604, stack(0x000000880c800000,0x000000880c900000)]
  0x0000019d4685cc60 JavaThread "ForkJoinPool.commonPool-worker-1" daemon [_thread_blocked, id=28520, stack(0x000000880c900000,0x000000880ca00000)]
  0x0000019d4685e5b0 JavaThread "ForkJoinPool.commonPool-worker-2" daemon [_thread_blocked, id=16048, stack(0x000000880ca00000,0x000000880cb00000)]
  0x0000019d4685bd30 JavaThread "ForkJoinPool.commonPool-worker-3" daemon [_thread_blocked, id=32632, stack(0x000000880cb00000,0x000000880cc00000)]
  0x0000019d4685eac0 JavaThread "ForkJoinPool.commonPool-worker-4" daemon [_thread_blocked, id=28476, stack(0x000000880cc00000,0x000000880cd00000)]
  0x0000019d4685f9f0 JavaThread "ForkJoinPool.commonPool-worker-5" daemon [_thread_blocked, id=23204, stack(0x000000880cd00000,0x000000880ce00000)]
  0x0000019d4685c240 JavaThread "ForkJoinPool.commonPool-worker-6" daemon [_thread_blocked, id=32040, stack(0x000000880ce00000,0x000000880cf00000)]
  0x0000019d4685c750 JavaThread "ForkJoinPool.commonPool-worker-9" daemon [_thread_blocked, id=21184, stack(0x000000880cf00000,0x000000880d000000)]
  0x0000019d468636b0 JavaThread "ForkJoinPool.commonPool-worker-7" daemon [_thread_blocked, id=32176, stack(0x000000880d000000,0x000000880d100000)]
  0x0000019d46860920 JavaThread "ForkJoinPool.commonPool-worker-10" daemon [_thread_blocked, id=32384, stack(0x000000880d700000,0x000000880d800000)]
  0x0000019d4685ff00 JavaThread "ForkJoinPool.commonPool-worker-11" daemon [_thread_blocked, id=32368, stack(0x000000880d800000,0x000000880d900000)]
  0x0000019d46861850 JavaThread "ForkJoinPool.commonPool-worker-8" daemon [_thread_blocked, id=29804, stack(0x000000880d900000,0x000000880da00000)]
  0x0000019d46860410 JavaThread "ForkJoinPool.commonPool-worker-12" daemon [_thread_blocked, id=32756, stack(0x000000880da00000,0x000000880db00000)]
  0x0000019d46860e30 JavaThread "ForkJoinPool.commonPool-worker-13" daemon [_thread_blocked, id=32608, stack(0x000000880db00000,0x000000880dc00000)]
  0x0000019d46861340 JavaThread "ForkJoinPool.commonPool-worker-15" daemon [_thread_blocked, id=4456, stack(0x000000880dc00000,0x000000880dd00000)]
  0x0000019d46861d60 JavaThread "ForkJoinPool.commonPool-worker-20" daemon [_thread_blocked, id=30736, stack(0x000000880dd00000,0x000000880de00000)]
  0x0000019d46862270 JavaThread "ForkJoinPool.commonPool-worker-17" daemon [_thread_blocked, id=26396, stack(0x000000880de00000,0x000000880df00000)]
  0x0000019d46862780 JavaThread "ForkJoinPool.commonPool-worker-23" daemon [_thread_blocked, id=29392, stack(0x000000880df00000,0x000000880e000000)]
  0x0000019d46862c90 JavaThread "ForkJoinPool.commonPool-worker-18" daemon [_thread_blocked, id=28040, stack(0x000000880e000000,0x000000880e100000)]
  0x0000019d468631a0 JavaThread "ForkJoinPool.commonPool-worker-19" daemon [_thread_blocked, id=32164, stack(0x000000880e100000,0x000000880e200000)]
  0x0000019d50309e50 JavaThread "ForkJoinPool.commonPool-worker-14" daemon [_thread_blocked, id=10296, stack(0x000000880e200000,0x000000880e300000)]
  0x0000019d4fc33f30 JavaThread "ForkJoinPool.commonPool-worker-21" daemon [_thread_blocked, id=20952, stack(0x000000880e300000,0x000000880e400000)]
  0x0000019d4fc35d90 JavaThread "ForkJoinPool.commonPool-worker-22" daemon [_thread_blocked, id=22376, stack(0x000000880e400000,0x000000880e500000)]
  0x0000019d4fc33510 JavaThread "ForkJoinPool.commonPool-worker-16" daemon [_thread_blocked, id=16968, stack(0x000000880e500000,0x000000880e600000)]
  0x0000019d4fc34e60 JavaThread "ReactiveMusic Player Thread" daemon [_thread_blocked, id=20180, stack(0x000000880e600000,0x000000880e700000)]
  0x0000019d50d90100 JavaThread "ConfigSaver" daemon [_thread_blocked, id=20988, stack(0x000000880a300000,0x000000880a400000)]
  0x0000019d4d494010 JavaThread "HttpClient-1-SelectorManager" daemon [_thread_in_native, id=24816, stack(0x000000880a700000,0x000000880a800000)]
  0x0000019d4d495e70 JavaThread "DH-ApplyConfigPresetTimer" daemon [_thread_blocked, id=31968, stack(0x000000880e900000,0x000000880ea00000)]
  0x0000019d4d494a30 JavaThread "DH-ApplyConfigPresetTimer" daemon [_thread_blocked, id=31268, stack(0x000000880ea00000,0x000000880eb00000)]
  0x0000019d4d494f40 JavaThread "FileSystemWatchService" daemon [_thread_in_native, id=12532, stack(0x000000880eb00000,0x000000880ec00000)]
  0x0000019d4d495960 JavaThread "JEI Config File Watcher" daemon [_thread_blocked, id=22336, stack(0x0000008809700000,0x0000008809800000)]
  0x0000019d4d496380 JavaThread "Java2D Disposer" daemon [_thread_blocked, id=19268, stack(0x000000880ec00000,0x000000880ed00000)]
  0x0000019d4d4981e0 JavaThread "AWT-Windows" daemon [_thread_in_native, id=22468, stack(0x000000880ee00000,0x000000880ef00000)]
  0x0000019d4d499110 JavaThread "HttpClient-2-SelectorManager" daemon [_thread_in_native, id=32396, stack(0x000000880ef00000,0x000000880f000000)]
  0x0000019d4d499620 JavaThread "Worker-Main-1" daemon [_thread_blocked, id=25108, stack(0x000000880f000000,0x000000880f100000)]
  0x0000019d4fc367b0 JavaThread "Cleaner-0" daemon [_thread_blocked, id=24956, stack(0x000000880f200000,0x000000880f300000)]
  0x0000019d4fc35370 JavaThread "Worker-Main-2" daemon [_thread_blocked, id=32260, stack(0x000000880fc00000,0x000000880fd00000)]
  0x0000019d4fc37bf0 JavaThread "DH-AbstractDelayedConfigTimer" daemon [_thread_blocked, id=32716, stack(0x0000008810000000,0x0000008810100000)]
  0x0000019d4fc3ae90 JavaThread "Worker-Main-3" daemon [_thread_blocked, id=22400, stack(0x0000008810300000,0x0000008810400000)]
  0x0000019d50d8d880 JavaThread "Worker-Main-4" daemon [_thread_blocked, id=20972, stack(0x0000008810700000,0x0000008810800000)]
  0x0000019d50d90610 JavaThread "pool-4-thread-3" [_thread_blocked, id=14608, stack(0x0000008810a00000,0x0000008810b00000)]
  0x0000019d50d91540 JavaThread "pool-4-thread-4" [_thread_blocked, id=18012, stack(0x0000008810b00000,0x0000008810c00000)]
  0x0000019d50d8e2a0 JavaThread "Worker-Main-5" daemon [_thread_blocked, id=32340, stack(0x0000008810f00000,0x0000008811000000)]
  0x0000019d50d91f60 JavaThread "Worker-Main-6" daemon [_thread_blocked, id=16020, stack(0x0000008811000000,0x0000008811100000)]
  0x0000019d50d938b0 JavaThread "Worker-Main-7" daemon [_thread_blocked, id=32496, stack(0x0000008811300000,0x0000008811400000)]
  0x0000019d4d496890 JavaThread "HttpClient-5-SelectorManager" daemon [_thread_in_native, id=2784, stack(0x0000008811600000,0x0000008811700000)]
  0x0000019d5030d0f0 JavaThread "Fzzy Config File Watcher" [_thread_blocked, id=936, stack(0x0000008811100000,0x0000008811200000)]
  0x0000019d4d496da0 JavaThread "Worker-Main-8" daemon [_thread_blocked, id=27680, stack(0x0000008810200000,0x0000008810300000)]
  0x0000019d4d49af70 JavaThread "Worker-Main-9" daemon [_thread_blocked, id=26668, stack(0x0000008810800000,0x0000008810900000)]
  0x0000019d4d49b480 JavaThread "Worker-Main-10" daemon [_thread_blocked, id=32192, stack(0x0000008811900000,0x0000008811a00000)]
  0x0000019d4685efd0 JavaThread "Worker-Main-11" daemon [_thread_blocked, id=32184, stack(0x0000008811a00000,0x0000008811b00000)]
  0x0000019d4685f4e0 JavaThread "Worker-Main-12" daemon [_thread_blocked, id=5968, stack(0x0000008811b00000,0x0000008811c00000)]
  0x0000019d46dd4c60 JavaThread "Worker-Main-13" daemon [_thread_blocked, id=32272, stack(0x0000008811d00000,0x0000008811e00000)]
  0x0000019d50d92980 JavaThread "Worker-Main-14" daemon [_thread_blocked, id=23240, stack(0x0000008811e00000,0x0000008811f00000)]
  0x0000019d4fc39030 JavaThread "Worker-Main-15" daemon [_thread_blocked, id=32484, stack(0x0000008811f00000,0x0000008812000000)]
  0x0000019d4fc3a470 JavaThread "Worker-Main-16" daemon [_thread_blocked, id=13052, stack(0x0000008812000000,0x0000008812100000)]
  0x0000019caaa8e6d0 JavaThread "Worker-Main-17" daemon [_thread_blocked, id=32472, stack(0x0000008812100000,0x0000008812200000)]
  0x0000019caaa8c870 JavaThread "Worker-Main-18" daemon [_thread_blocked, id=22864, stack(0x0000008812200000,0x0000008812300000)]
  0x0000019caaa8b430 JavaThread "Worker-Main-19" daemon [_thread_blocked, id=10244, stack(0x0000008812300000,0x0000008812400000)]
  0x0000019caaa8c360 JavaThread "Worker-Main-20" daemon [_thread_blocked, id=32288, stack(0x0000008812400000,0x0000008812500000)]
  0x0000019caaa8cd80 JavaThread "Worker-Main-22" daemon [_thread_blocked, id=15148, stack(0x0000008812500000,0x0000008812600000)]
  0x0000019caaa8d290 JavaThread "Worker-Main-21" daemon [_thread_blocked, id=26936, stack(0x0000008812600000,0x0000008812700000)]
  0x0000019caaa8af20 JavaThread "Worker-Main-23" daemon [_thread_blocked, id=14536, stack(0x0000008812700000,0x0000008812800000)]
  0x0000019d5135ae70 JavaThread "CullThread" [_thread_blocked, id=9500, stack(0x000000880c300000,0x000000880c400000)]
  0x0000019d5135d6f0 JavaThread "IO-Worker-24" [_thread_blocked, id=23836, stack(0x000000880ed00000,0x000000880ee00000)]
  0x0000019d51360480 JavaThread "Java Sound Event Dispatcher" daemon [_thread_blocked, id=15340, stack(0x0000008812900000,0x0000008812a00000)]
  0x0000019e559f70e0 JavaThread "Cleaner-1" daemon [_thread_blocked, id=23328, stack(0x0000008813500000,0x0000008813600000)]
  0x0000019caecf92b0 JavaThread "C1 CompilerThread1" daemon [_thread_blocked, id=31168, stack(0x0000008809000000,0x0000008809100000)]
  0x0000019caecf9d50 JavaThread "C1 CompilerThread2" daemon [_thread_blocked, id=22256, stack(0x0000008810100000,0x0000008810200000)]
  0x0000019caecf62e0 JavaThread "C1 CompilerThread3" daemon [_thread_blocked, id=10416, stack(0x0000008810500000,0x0000008810600000)]
  0x0000019e559f61b0 JavaThread "Server thread" [_thread_blocked, id=19472, stack(0x0000008813200000,0x0000008813300000)]
  0x0000019e76b0a6e0 JavaThread "Train Worker" [_thread_blocked, id=7872, stack(0x0000008813300000,0x0000008813400000)]
  0x0000019e53ccb8e0 JavaThread "DH-ClientTickTimer" daemon [_thread_blocked, id=26880, stack(0x0000008813700000,0x0000008813800000)]
  0x0000019caa4cc530 JavaThread "DH-delayed save cache cleaner Thread[0]" daemon [_thread_blocked, id=7668, stack(0x0000008813800000,0x0000008813900000)]
  0x0000019da1490ec0 JavaThread "DH-Phantom Array Recycler Thread[0]" daemon [_thread_blocked, id=31364, stack(0x0000008813900000,0x0000008813a00000)]
  0x0000019da148ff90 JavaThread "DH-Update Propagate Queue [minecraft:overworld] Thread[0]" [_thread_blocked, id=9112, stack(0x0000008813a00000,0x0000008813b00000)]
  0x0000019da14913d0 JavaThread "DH-Full Data Migration Thread[0]" [_thread_blocked, id=32188, stack(0x0000008813b00000,0x0000008813c00000)]
  0x0000019da148f060 JavaThread "DH-Request Module Ticker [minecraft:overworld] Thread[0]" daemon [_thread_blocked, id=24256, stack(0x0000008813c00000,0x0000008813d00000)]
  0x0000019da14904a0 JavaThread "DH-DataSource Request Ticker [minecraft:overworld] Thread[0]" daemon [_thread_blocked, id=2196, stack(0x0000008813d00000,0x0000008813e00000)]
  0x0000019e53ccbdf0 JavaThread "DH-Update Propagate Queue [the_bumblezone:the_bumblezone] Thread[0]" [_thread_blocked, id=16860, stack(0x0000008809100000,0x0000008809200000)]
  0x0000019e53ccc300 JavaThread "DH-Request Module Ticker [the_bumblezone:the_bumblezone] Thread[0]" daemon [_thread_blocked, id=22596, stack(0x000000880f800000,0x000000880f900000)]
  0x0000019e53cccd20 JavaThread "DH-DataSource Request Ticker [the_bumblezone:the_bumblezone] Thread[0]" daemon [_thread_blocked, id=32104, stack(0x000000880fa10000,0x000000880fb10000)]
  0x0000019e53ccc810 JavaThread "DH-Update Propagate Queue [paradise_lost:paradise_lost] Thread[0]" [_thread_blocked, id=18964, stack(0x000000880ff00000,0x0000008810000000)]
  0x0000019e53ccb3d0 JavaThread "DH-Request Module Ticker [paradise_lost:paradise_lost] Thread[0]" daemon [_thread_blocked, id=20348, stack(0x0000008811c00000,0x0000008811d00000)]
  0x0000019ed3cb24e0 JavaThread "DH-DataSource Request Ticker [paradise_lost:paradise_lost] Thread[0]" daemon [_thread_blocked, id=16000, stack(0x0000008813100000,0x0000008813200000)]
  0x0000019e8c63ffc0 JavaThread "C2 CompilerThread1" daemon [_thread_blocked, id=32140, stack(0x0000008813400000,0x0000008813500000)]
  0x0000019e8c63efd0 JavaThread "C2 CompilerThread2" daemon [_thread_in_native, id=32528, stack(0x0000008813e00000,0x0000008813f00000)]
  0x0000019ed3cb29f0 JavaThread "DH-Update Propagate Queue [minecraft:the_end] Thread[0]" [_thread_blocked, id=21156, stack(0x0000008813f00000,0x0000008814000000)]
  0x0000019ed3caf240 JavaThread "DH-Request Module Ticker [minecraft:the_end] Thread[0]" daemon [_thread_blocked, id=15236, stack(0x0000008814000000,0x0000008814100000)]
  0x0000019ed3cb1ac0 JavaThread "DH-DataSource Request Ticker [minecraft:the_end] Thread[0]" daemon [_thread_blocked, id=31372, stack(0x0000008814100000,0x0000008814200000)]
  0x0000019ed3cb0b90 JavaThread "DH-Update Propagate Queue [deeperdarker:otherside] Thread[0]" [_thread_blocked, id=12520, stack(0x0000008814200000,0x0000008814300000)]
  0x0000019ed3caf750 JavaThread "DH-Request Module Ticker [deeperdarker:otherside] Thread[0]" daemon [_thread_blocked, id=25020, stack(0x0000008814300000,0x0000008814400000)]
  0x0000019ed3cb1fd0 JavaThread "DH-DataSource Request Ticker [deeperdarker:otherside] Thread[0]" daemon [_thread_blocked, id=19680, stack(0x0000008814400000,0x0000008814500000)]
  0x0000019ed3cb15b0 JavaThread "DH-Update Propagate Queue [twilightforest:twilight_forest] Thread[0]" [_thread_blocked, id=26000, stack(0x0000008814500000,0x0000008814600000)]
  0x0000019ed3cafc60 JavaThread "DH-Request Module Ticker [twilightforest:twilight_forest] Thread[0]" daemon [_thread_blocked, id=9348, stack(0x0000008814600000,0x0000008814700000)]
  0x0000019ed3cb0170 JavaThread "DH-DataSource Request Ticker [twilightforest:twilight_forest] Thread[0]" daemon [_thread_blocked, id=32024, stack(0x0000008814700000,0x0000008814800000)]
  0x0000019ed3cb0680 JavaThread "DH-Update Propagate Queue [minecraft:the_nether] Thread[0]" [_thread_blocked, id=1872, stack(0x0000008814800000,0x0000008814900000)]
  0x0000019ed3cb10a0 JavaThread "DH-Request Module Ticker [minecraft:the_nether] Thread[0]" daemon [_thread_blocked, id=18576, stack(0x0000008814900000,0x0000008814a00000)]
  0x0000019ed3487440 JavaThread "DH-DataSource Request Ticker [minecraft:the_nether] Thread[0]" daemon [_thread_blocked, id=5304, stack(0x0000008814a00000,0x0000008814b00000)]
  0x0000019e8c63dfe0 JavaThread "C2 CompilerThread3" daemon [_thread_in_native, id=23504, stack(0x0000008814b00000,0x0000008814c00000)]
  0x0000019e76b092a0 JavaThread "DH-Update Propagate Queue [graveyard:past] Thread[0]" [_thread_blocked, id=9080, stack(0x0000008814c00000,0x0000008814d00000)]
  0x0000019d4edc8aa0 JavaThread "DH-Request Module Ticker [graveyard:past] Thread[0]" daemon [_thread_blocked, id=13404, stack(0x0000008814d00000,0x0000008814e00000)]
  0x0000019cb7683d10 JavaThread "DH-DataSource Request Ticker [graveyard:past] Thread[0]" daemon [_thread_blocked, id=336, stack(0x0000008814e00000,0x0000008814f00000)]
  0x0000019e8c63ea80 JavaThread "C2 CompilerThread4" daemon [_thread_in_native, id=24916, stack(0x0000008814f00000,0x0000008815000000)]
  0x0000019e8c641fa0 JavaThread "C2 CompilerThread5" daemon [_thread_blocked, id=19888, stack(0x0000008815000000,0x0000008815100000)]
  0x0000019e8c63f520 JavaThread "C2 CompilerThread6" daemon [_thread_blocked, id=32392, stack(0x0000008815100000,0x0000008815200000)]
  0x0000019e8c63e530 JavaThread "C2 CompilerThread7" daemon [_thread_in_native, id=32000, stack(0x0000008815200000,0x0000008815300000)]
  0x0000019e77c6b780 JavaThread "IO-Worker-25" [_thread_blocked, id=13004, stack(0x0000008815300000,0x0000008815400000)]
  0x0000019e5dbbe860 JavaThread "IO-Worker-26" [_thread_blocked, id=16572, stack(0x0000008815400000,0x0000008815500000)]
  0x0000019e539ebbd0 JavaThread "DH-LOD Builder Thread[0]" [_thread_blocked, id=1356, stack(0x0000008807c00000,0x0000008807d00000)]
  0x0000019e5de6dd90 JavaThread "DH-LOD Builder Thread[1]" [_thread_blocked, id=22024, stack(0x0000008807d00000,0x0000008807e00000)]
  0x0000019e5de6e2a0 JavaThread "DH-LOD Builder Thread[2]" [_thread_blocked, id=30372, stack(0x0000008807e00000,0x0000008807f00000)]
  0x0000019e5de6e7b0 JavaThread "DH-LOD Builder Thread[3]" [_thread_blocked, id=26220, stack(0x000000880e700000,0x000000880e800000)]
  0x0000019d9f3cc9b0 JavaThread "DH-LOD Builder Thread[4]" [_thread_blocked, id=19164, stack(0x000000880e800000,0x000000880e900000)]
  0x0000019d9f3ccec0 JavaThread "DH-LOD Builder Thread[5]" [_thread_blocked, id=32596, stack(0x0000008815500000,0x0000008815600000)]
  0x0000019caa4cd460 JavaThread "DH-LOD Builder Thread[6]" [_thread_blocked, id=7224, stack(0x0000008815600000,0x0000008815700000)]
  0x0000019caa4cca40 JavaThread "DH-LOD Builder Thread[7]" [_thread_blocked, id=12092, stack(0x0000008815700000,0x0000008815800000)]
  0x0000019caa4cd970 JavaThread "DH-LOD Builder Thread[8]" [_thread_blocked, id=24532, stack(0x0000008815800000,0x0000008815900000)]
  0x0000019eaea9a3a0 JavaThread "DH-LOD Builder Thread[9]" [_thread_blocked, id=7532, stack(0x0000008815900000,0x0000008815a00000)]
  0x0000019e76b097b0 JavaThread "DH-LOD Builder Thread[10]" [_thread_blocked, id=22272, stack(0x0000008815a00000,0x0000008815b00000)]
  0x0000019e559f5280 JavaThread "DH-LOD Builder Thread[11]" [_thread_blocked, id=17792, stack(0x0000008815b00000,0x0000008815c00000)]
  0x0000019e559f6bd0 JavaThread "DH-LOD Builder Thread[12]" [_thread_blocked, id=30912, stack(0x0000008815c00000,0x0000008815d00000)]
  0x0000019e76b17250 JavaThread "DH-LOD Builder Thread[13]" [_thread_blocked, id=9388, stack(0x0000008815d00000,0x0000008815e00000)]
  0x0000019ed22da060 JavaThread "DH-LOD Builder Thread[14]" [_thread_blocked, id=15696, stack(0x0000008815e00000,0x0000008815f00000)]
  0x0000019ed4c330f0 JavaThread "DH-LOD Builder Thread[15]" [_thread_blocked, id=21704, stack(0x0000008815f00000,0x0000008816000000)]
  0x0000019ed2e27800 JavaThread "DH-LOD Builder Thread[16]" [_thread_blocked, id=1792, stack(0x0000008816000000,0x0000008816100000)]
  0x0000019ed2e24560 JavaThread "DH-LOD Builder Thread[17]" [_thread_blocked, id=25372, stack(0x0000008816100000,0x0000008816200000)]
  0x0000019da1492300 JavaThread "Advanced Display Data Manager" [_thread_blocked, id=4412, stack(0x0000008816300000,0x0000008816400000)]
  0x0000019ed22db9b0 JavaThread "CRN Train Listener" [_thread_blocked, id=6084, stack(0x0000008816400000,0x0000008816500000)]
  0x0000019ed22daf90 JavaThread "Thread-24" daemon [_thread_blocked, id=20160, stack(0x0000008816200000,0x0000008816300000)]
  0x0000019ed22db4a0 JavaThread "Thread-25" daemon [_thread_blocked, id=6264, stack(0x0000008816500000,0x0000008816600000)]
  0x0000019ed22da570 JavaThread "Thread-26" daemon [_thread_blocked, id=30136, stack(0x0000008816600000,0x0000008816700000)]
  0x0000019da32fb6b0 JavaThread "Netty Server IO #0" daemon [_thread_in_native, id=18772, stack(0x0000008816700000,0x0000008816800000)]
  0x0000019ed4c32be0 JavaThread "Netty Local Client IO #0" daemon [_thread_blocked, id=3368, stack(0x0000008816800000,0x0000008816900000)]
  0x0000019eaea99e90 JavaThread "Netty Server IO #1" daemon [_thread_in_native, id=27664, stack(0x0000008816900000,0x0000008816a00000)]
  0x0000019d9f3cab50 JavaThread "IO-Worker-27" [_thread_blocked, id=31144, stack(0x0000008816a00000,0x0000008816b00000)]
  0x0000019ed4c33b10 JavaThread "Sound engine" daemon [_thread_blocked, id=32584, stack(0x0000008816b00000,0x0000008816c00000)]
  0x0000019e76c079d0 JavaThread "DH-ChunkSaveIgnoreTimer" daemon [_thread_blocked, id=24216, stack(0x0000008813600000,0x0000008813700000)]
  0x0000019ed4c321c0 JavaThread "DH-ChunkSaveIgnoreTimer" daemon [_thread_blocked, id=4352, stack(0x0000008816c00000,0x0000008816d00000)]
  0x0000019ed4c326d0 JavaThread "DH-World Gen Queue Thread[0]" [_thread_blocked, id=9720, stack(0x0000008816d00000,0x0000008816e00000)]
  0x0000019ed4c33600 JavaThread "DH-World Gen Progress Updater Thread[0]" daemon [_thread_blocked, id=32372, stack(0x0000008817000000,0x0000008817100000)]
  0x0000019da14909b0 JavaThread "DH-FullDataPayloadSender" daemon [_thread_blocked, id=2124, stack(0x0000008817100000,0x0000008817200000)]

Other Threads:
=>0x0000019cffb9dfd0 VMThread "VM Thread" [stack: 0x0000008808500000,0x0000008808600000] [id=8120]
  0x0000019cffdc6410 WatcherThread [stack: 0x0000008809400000,0x0000008809500000] [id=2576]
  0x0000019ce160ca10 GCTaskThread "GC Thread#0" [stack: 0x0000008808000000,0x0000008808100000] [id=30108]
  0x0000019ce160cce0 GCTaskThread "GC Thread#1" [stack: 0x0000008809800000,0x0000008809900000] [id=32636]
  0x0000019ce160cfb0 GCTaskThread "GC Thread#2" [stack: 0x0000008809900000,0x0000008809a00000] [id=8368]
  0x0000019ce160d280 GCTaskThread "GC Thread#3" [stack: 0x0000008809a00000,0x0000008809b00000] [id=16352]
  0x0000019ce160d550 GCTaskThread "GC Thread#4" [stack: 0x0000008809b00000,0x0000008809c00000] [id=32316]
  0x0000019ce160d820 GCTaskThread "GC Thread#5" [stack: 0x0000008809c00000,0x0000008809d00000] [id=12628]
  0x0000019ce160bed0 GCTaskThread "GC Thread#6" [stack: 0x0000008809d00000,0x0000008809e00000] [id=24144]
  0x0000019ce160c1a0 GCTaskThread "GC Thread#7" [stack: 0x0000008809e00000,0x0000008809f00000] [id=14684]
  0x0000019d451f8d80 GCTaskThread "GC Thread#8" [stack: 0x0000008809f00000,0x000000880a000000] [id=7540]
  0x0000019d451fb7b0 GCTaskThread "GC Thread#9" [stack: 0x000000880a000000,0x000000880a100000] [id=32048]
  0x0000019d451fa400 GCTaskThread "GC Thread#10" [stack: 0x000000880a100000,0x000000880a200000] [id=32120]
  0x0000019d451fa9a0 GCTaskThread "GC Thread#11" [stack: 0x000000880a200000,0x000000880a300000] [id=32084]
  0x0000019d451f87e0 GCTaskThread "GC Thread#12" [stack: 0x000000880d100000,0x000000880d200000] [id=1840]
  0x0000019d451fba80 GCTaskThread "GC Thread#13" [stack: 0x000000880d200000,0x000000880d300000] [id=30076]
  0x0000019d451f8240 GCTaskThread "GC Thread#14" [stack: 0x000000880d300000,0x000000880d400000] [id=17740]
  0x0000019d451fbd50 GCTaskThread "GC Thread#15" [stack: 0x000000880d400000,0x000000880d500000] [id=15284]
  0x0000019d451f8510 GCTaskThread "GC Thread#16" [stack: 0x000000880d500000,0x000000880d600000] [id=13220]
  0x0000019d451faf40 GCTaskThread "GC Thread#17" [stack: 0x000000880d600000,0x000000880d700000] [id=24988]
  0x0000019ce1672010 ConcurrentGCThread "G1 Main Marker" [stack: 0x0000008808100000,0x0000008808200000] [id=11024]
  0x0000019ce160c470 ConcurrentGCThread "G1 Conc#0" [stack: 0x0000008808200000,0x0000008808300000] [id=26112]
  0x0000019d451f9e60 ConcurrentGCThread "G1 Conc#1" [stack: 0x000000880b900000,0x000000880ba00000] [id=19764]
  0x0000019d451f9b90 ConcurrentGCThread "G1 Conc#2" [stack: 0x000000880ba00000,0x000000880bb00000] [id=23832]
  0x0000019d451fa130 ConcurrentGCThread "G1 Conc#3" [stack: 0x000000880bb00000,0x000000880bc00000] [id=21652]
  0x0000019d4b82b040 ConcurrentGCThread "G1 Conc#4" [stack: 0x000000880bc00000,0x000000880bd00000] [id=17716]
  0x0000019cf8617010 ConcurrentGCThread "G1 Refine#0" [stack: 0x0000008808300000,0x0000008808400000] [id=11012]
  0x0000019d46b46840 ConcurrentGCThread "G1 Refine#1" [stack: 0x000000880a900000,0x000000880aa00000] [id=32168]
  0x0000019d464aad80 ConcurrentGCThread "G1 Refine#2" [stack: 0x000000880aa00000,0x000000880ab00000] [id=32076]
  0x0000019d46b713e0 ConcurrentGCThread "G1 Refine#3" [stack: 0x000000880ab00000,0x000000880ac00000] [id=2528]
  0x0000019d46df7510 ConcurrentGCThread "G1 Refine#4" [stack: 0x000000880ac00000,0x000000880ad00000] [id=32648]
  0x0000019d46df7810 ConcurrentGCThread "G1 Refine#5" [stack: 0x000000880ad00000,0x000000880ae00000] [id=32564]
  0x0000019d45a49e60 ConcurrentGCThread "G1 Refine#6" [stack: 0x000000880ae00000,0x000000880af00000] [id=13344]
  0x0000019d46cfa960 ConcurrentGCThread "G1 Refine#7" [stack: 0x000000880af00000,0x000000880b000000] [id=6708]
  0x0000019d46cfbc80 ConcurrentGCThread "G1 Refine#8" [stack: 0x000000880b000000,0x000000880b100000] [id=28664]
  0x0000019d46cb7590 ConcurrentGCThread "G1 Refine#9" [stack: 0x000000880b100000,0x000000880b200000] [id=18512]
  0x0000019d46e008e0 ConcurrentGCThread "G1 Refine#10" [stack: 0x000000880b200000,0x000000880b300000] [id=32008]
  0x0000019d46e017e0 ConcurrentGCThread "G1 Refine#11" [stack: 0x000000880b300000,0x000000880b400000] [id=28908]
  0x0000019d46e00be0 ConcurrentGCThread "G1 Refine#12" [stack: 0x000000880b400000,0x000000880b500000] [id=17872]
  0x0000019d46e011e0 ConcurrentGCThread "G1 Refine#13" [stack: 0x000000880b500000,0x000000880b600000] [id=4224]
  0x0000019d46e005e0 ConcurrentGCThread "G1 Refine#14" [stack: 0x000000880b600000,0x000000880b700000] [id=17368]
  0x0000019d46e00ee0 ConcurrentGCThread "G1 Refine#15" [stack: 0x000000880b700000,0x000000880b800000] [id=15680]
  0x0000019d46e014e0 ConcurrentGCThread "G1 Refine#16" [stack: 0x000000880b800000,0x000000880b900000] [id=14324]
  0x0000019d4a2d3680 ConcurrentGCThread "G1 Refine#17" [stack: 0x000000880f300000,0x000000880f400000] [id=4960]
  0x0000019cf8618c10 ConcurrentGCThread "G1 Service" [stack: 0x0000008808400000,0x0000008808500000] [id=15384]

Threads with active compile tasks:
C2 CompilerThread0  100073 49570       4       folk.sisby.surveyor.terrain.LayerSummary::fromSummaries (226 bytes)
C1 CompilerThread0  100073 52292       2       com.google.common.collect.StandardTable$RowMap$EntrySet::iterator (27 bytes)
C1 CompilerThread1  100073 52295       2       com.google.common.collect.Maps$3::<init> (11 bytes)
C1 CompilerThread2  100073 52294       2       com.google.common.collect.Maps::asMapEntryIterator (15 bytes)
C1 CompilerThread3  100073 52293       2       com.google.common.collect.StandardTable$RowMap$EntrySet$1::<init> (10 bytes)
C2 CompilerThread1  100073 49711       4       io.github.douira.glsl_transformer.ast.query.Root::registerNode (92 bytes)
C2 CompilerThread2  100073 49710       4       io.github.douira.glsl_transformer.ast.query.index.NodeIndex::add (57 bytes)
C2 CompilerThread3  100073 51356       4       folk.sisby.surveyor.terrain.ChunkSummary::<init> (770 bytes)
C2 CompilerThread4  100073 50058       4       io.github.douira.glsl_transformer.ast.node.abstract_node.ASTNode::setup (13 bytes)
C2 CompilerThread5  100074 51387   !   4       io.github.douira.glsl_transformer.GLSLParser::finiteExpression (3801 bytes)
C2 CompilerThread6  100074 52035       4       net.minecraft.class_14::method_58 (1178 bytes)
C2 CompilerThread7  100074 49083       4       io.github.douira.glsl_transformer.ast.node.abstract_node.ASTNode::setParent (85 bytes)

VM state: at safepoint (normal execution)

VM Mutex/Monitor currently owned by a thread:  ([mutex/lock_event])
[0x0000019ce15d4030] Threads_lock - owner thread: 0x0000019cffb9dfd0
[0x0000019ce15eabe0] Heap_lock - owner thread: 0x0000019ce15ed290

Heap address: 0x0000000400000000, size: 16384 MB, Compressed Oops mode: Zero based, Oop shift amount: 3

CDS archive(s) mapped at: [0x0000019d00000000-0x0000019d00a80000-0x0000019d00a80000), size 11010048, SharedBaseAddress: 0x0000019d00000000, ArchiveRelocationMode: 1.
Compressed class space mapped at: 0x0000019d01000000-0x0000019d41000000, reserved size: 1073741824
Narrow klass base: 0x0000019d00000000, Narrow klass shift: 0, Narrow klass range: 0x100000000

GC Precious Log:
 CPUs: 24 total, 24 available
 Memory: 32478M
 Large Page Support: Disabled
 NUMA Support: Disabled
 Compressed Oops: Enabled (Zero based)
 Heap Region Size: 8M
 Heap Min Capacity: 8M
 Heap Initial Capacity: 512M
 Heap Max Capacity: 16G
 Pre-touch: Disabled
 Parallel Workers: 18
 Concurrent Workers: 5
 Concurrent Refinement Workers: 18
 Periodic GC: Disabled

Heap:
 garbage-first heap   total 6635520K, used 3453251K [0x0000000400000000, 0x0000000800000000)
  region size 8192K, 76 young (622592K), 4 survivors (32768K)
 Metaspace       used 360556K, committed 362880K, reserved 1376256K
  class space    used 65338K, committed 66368K, reserved 1048576K

Heap Regions: E=young(eden), S=young(survivor), O=old, HS=humongous(starts), HC=humongous(continues), CS=collection set, F=free, OA=open archive, CA=closed archive, TAMS=top-at-mark-start (previous, next)
|   0|0x0000000400000000, 0x0000000400800000, 0x0000000400800000|100%| O|  |TAMS 0x0000000400800000, 0x0000000400000000| Untracked 
|   1|0x0000000400800000, 0x0000000401000000, 0x0000000401000000|100%| O|  |TAMS 0x0000000401000000, 0x0000000400800000| Untracked 
|   2|0x0000000401000000, 0x0000000401800000, 0x0000000401800000|100%| O|  |TAMS 0x0000000401800000, 0x0000000401000000| Untracked 
|   3|0x0000000401800000, 0x0000000401800000, 0x0000000402000000|  0%| F|  |TAMS 0x0000000401800000, 0x0000000401800000| Untracked 
|   4|0x0000000402000000, 0x0000000402800000, 0x0000000402800000|100%| O|  |TAMS 0x0000000402800000, 0x0000000402000000| Untracked 
|   5|0x0000000402800000, 0x0000000403000000, 0x0000000403000000|100%| O|  |TAMS 0x0000000403000000, 0x0000000402800000| Untracked 
|   6|0x0000000403000000, 0x0000000403800000, 0x0000000403800000|100%| O|  |TAMS 0x0000000403800000, 0x0000000403000000| Untracked 
|   7|0x0000000403800000, 0x0000000404000000, 0x0000000404000000|100%| O|  |TAMS 0x0000000404000000, 0x0000000403800000| Untracked 
|   8|0x0000000404000000, 0x0000000404800000, 0x0000000404800000|100%| O|  |TAMS 0x0000000404800000, 0x0000000404000000| Untracked 
|   9|0x0000000404800000, 0x0000000405000000, 0x0000000405000000|100%| O|  |TAMS 0x0000000405000000, 0x0000000404800000| Untracked 
|  10|0x0000000405000000, 0x0000000405800000, 0x0000000405800000|100%| O|  |TAMS 0x0000000405800000, 0x0000000405000000| Untracked 
|  11|0x0000000405800000, 0x0000000406000000, 0x0000000406000000|100%| O|  |TAMS 0x0000000406000000, 0x0000000405800000| Untracked 
|  12|0x0000000406000000, 0x0000000406800000, 0x0000000406800000|100%| O|  |TAMS 0x0000000406800000, 0x0000000406000000| Untracked 
|  13|0x0000000406800000, 0x0000000407000000, 0x0000000407000000|100%| O|  |TAMS 0x0000000407000000, 0x0000000406800000| Untracked 
|  14|0x0000000407000000, 0x0000000407800000, 0x0000000407800000|100%| O|  |TAMS 0x0000000407800000, 0x0000000407000000| Untracked 
|  15|0x0000000407800000, 0x0000000408000000, 0x0000000408000000|100%| O|  |TAMS 0x0000000408000000, 0x0000000407800000| Untracked 
|  16|0x0000000408000000, 0x0000000408800000, 0x0000000408800000|100%| O|  |TAMS 0x0000000408800000, 0x0000000408000000| Untracked 
|  17|0x0000000408800000, 0x0000000409000000, 0x0000000409000000|100%| O|  |TAMS 0x0000000409000000, 0x0000000408800000| Untracked 
|  18|0x0000000409000000, 0x0000000409800000, 0x0000000409800000|100%| O|  |TAMS 0x0000000409800000, 0x0000000409000000| Untracked 
|  19|0x0000000409800000, 0x000000040a000000, 0x000000040a000000|100%| O|  |TAMS 0x000000040a000000, 0x0000000409800000| Untracked 
|  20|0x000000040a000000, 0x000000040a800000, 0x000000040a800000|100%| O|  |TAMS 0x000000040a800000, 0x000000040a000000| Untracked 
|  21|0x000000040a800000, 0x000000040b000000, 0x000000040b000000|100%| O|  |TAMS 0x000000040b000000, 0x000000040a800000| Untracked 
|  22|0x000000040b000000, 0x000000040b800000, 0x000000040b800000|100%| O|  |TAMS 0x000000040b800000, 0x000000040b000000| Untracked 
|  23|0x000000040b800000, 0x000000040c000000, 0x000000040c000000|100%| O|  |TAMS 0x000000040c000000, 0x000000040b800000| Untracked 
|  24|0x000000040c000000, 0x000000040c800000, 0x000000040c800000|100%| O|  |TAMS 0x000000040c800000, 0x000000040c000000| Untracked 
|  25|0x000000040c800000, 0x000000040d000000, 0x000000040d000000|100%| O|  |TAMS 0x000000040d000000, 0x000000040c800000| Untracked 
|  26|0x000000040d000000, 0x000000040d800000, 0x000000040d800000|100%| O|  |TAMS 0x000000040d800000, 0x000000040d000000| Untracked 
|  27|0x000000040d800000, 0x000000040e000000, 0x000000040e000000|100%| O|  |TAMS 0x000000040e000000, 0x000000040d800000| Untracked 
|  28|0x000000040e000000, 0x000000040e800000, 0x000000040e800000|100%| O|  |TAMS 0x000000040e800000, 0x000000040e000000| Untracked 
|  29|0x000000040e800000, 0x000000040f000000, 0x000000040f000000|100%| O|  |TAMS 0x000000040f000000, 0x000000040e800000| Untracked 
|  30|0x000000040f000000, 0x000000040f800000, 0x000000040f800000|100%| O|  |TAMS 0x000000040f800000, 0x000000040f000000| Untracked 
|  31|0x000000040f800000, 0x0000000410000000, 0x0000000410000000|100%| O|  |TAMS 0x0000000410000000, 0x000000040f800000| Untracked 
|  32|0x0000000410000000, 0x0000000410800000, 0x0000000410800000|100%|HS|  |TAMS 0x0000000410800000, 0x0000000410000000| Complete 
|  33|0x0000000410800000, 0x0000000411000000, 0x0000000411000000|100%|HC|  |TAMS 0x0000000411000000, 0x0000000410800000| Complete 
|  34|0x0000000411000000, 0x0000000411800000, 0x0000000411800000|100%|HS|  |TAMS 0x0000000411800000, 0x0000000411000000| Complete 
|  35|0x0000000411800000, 0x0000000412000000, 0x0000000412000000|100%| O|  |TAMS 0x0000000412000000, 0x0000000411800000| Untracked 
|  36|0x0000000412000000, 0x0000000412800000, 0x0000000412800000|100%| O|  |TAMS 0x0000000412800000, 0x0000000412000000| Untracked 
|  37|0x0000000412800000, 0x0000000413000000, 0x0000000413000000|100%| O|  |TAMS 0x0000000413000000, 0x0000000412800000| Untracked 
|  38|0x0000000413000000, 0x0000000413800000, 0x0000000413800000|100%| O|  |TAMS 0x0000000413800000, 0x0000000413000000| Untracked 
|  39|0x0000000413800000, 0x0000000414000000, 0x0000000414000000|100%| O|  |TAMS 0x0000000414000000, 0x0000000413800000| Untracked 
|  40|0x0000000414000000, 0x0000000414800000, 0x0000000414800000|100%| O|  |TAMS 0x0000000414800000, 0x0000000414000000| Untracked 
|  41|0x0000000414800000, 0x0000000415000000, 0x0000000415000000|100%| O|  |TAMS 0x0000000415000000, 0x0000000414800000| Untracked 
|  42|0x0000000415000000, 0x0000000415800000, 0x0000000415800000|100%| O|  |TAMS 0x0000000415800000, 0x0000000415000000| Untracked 
|  43|0x0000000415800000, 0x0000000416000000, 0x0000000416000000|100%| O|  |TAMS 0x0000000416000000, 0x0000000415800000| Untracked 
|  44|0x0000000416000000, 0x0000000416800000, 0x0000000416800000|100%| O|  |TAMS 0x0000000416800000, 0x0000000416000000| Untracked 
|  45|0x0000000416800000, 0x0000000417000000, 0x0000000417000000|100%| O|  |TAMS 0x0000000417000000, 0x0000000416800000| Untracked 
|  46|0x0000000417000000, 0x0000000417800000, 0x0000000417800000|100%| O|  |TAMS 0x0000000417800000, 0x0000000417000000| Untracked 
|  47|0x0000000417800000, 0x0000000418000000, 0x0000000418000000|100%| O|  |TAMS 0x0000000418000000, 0x0000000417800000| Untracked 
|  48|0x0000000418000000, 0x0000000418800000, 0x0000000418800000|100%| O|  |TAMS 0x0000000418800000, 0x0000000418000000| Untracked 
|  49|0x0000000418800000, 0x0000000419000000, 0x0000000419000000|100%| O|  |TAMS 0x0000000419000000, 0x0000000418800000| Untracked 
|  50|0x0000000419000000, 0x0000000419800000, 0x0000000419800000|100%| O|  |TAMS 0x0000000419800000, 0x0000000419000000| Untracked 
|  51|0x0000000419800000, 0x000000041a000000, 0x000000041a000000|100%| O|  |TAMS 0x000000041a000000, 0x0000000419800000| Untracked 
|  52|0x000000041a000000, 0x000000041a800000, 0x000000041a800000|100%| O|  |TAMS 0x000000041a800000, 0x000000041a000000| Untracked 
|  53|0x000000041a800000, 0x000000041b000000, 0x000000041b000000|100%| O|  |TAMS 0x000000041b000000, 0x000000041a800000| Untracked 
|  54|0x000000041b000000, 0x000000041b800000, 0x000000041b800000|100%| O|  |TAMS 0x000000041b800000, 0x000000041b000000| Untracked 
|  55|0x000000041b800000, 0x000000041c000000, 0x000000041c000000|100%| O|  |TAMS 0x000000041c000000, 0x000000041b800000| Untracked 
|  56|0x000000041c000000, 0x000000041c800000, 0x000000041c800000|100%| O|  |TAMS 0x000000041c800000, 0x000000041c000000| Untracked 
|  57|0x000000041c800000, 0x000000041d000000, 0x000000041d000000|100%| O|  |TAMS 0x000000041c800000, 0x000000041c800000| Untracked 
|  58|0x000000041d000000, 0x000000041d800000, 0x000000041d800000|100%|HS|  |TAMS 0x000000041d800000, 0x000000041d000000| Complete 
|  59|0x000000041d800000, 0x000000041e000000, 0x000000041e000000|100%|HS|  |TAMS 0x000000041e000000, 0x000000041d800000| Complete 
|  60|0x000000041e000000, 0x000000041e800000, 0x000000041e800000|100%| O|  |TAMS 0x000000041e800000, 0x000000041e000000| Untracked 
|  61|0x000000041e800000, 0x000000041f000000, 0x000000041f000000|100%| O|  |TAMS 0x000000041f000000, 0x000000041e800000| Untracked 
|  62|0x000000041f000000, 0x000000041f800000, 0x000000041f800000|100%| O|  |TAMS 0x000000041f800000, 0x000000041f000000| Untracked 
|  63|0x000000041f800000, 0x0000000420000000, 0x0000000420000000|100%| O|  |TAMS 0x0000000420000000, 0x000000041f800000| Untracked 
|  64|0x0000000420000000, 0x0000000420800000, 0x0000000420800000|100%| O|  |TAMS 0x0000000420800000, 0x0000000420000000| Untracked 
|  65|0x0000000420800000, 0x0000000421000000, 0x0000000421000000|100%| O|  |TAMS 0x0000000421000000, 0x0000000420800000| Untracked 
|  66|0x0000000421000000, 0x0000000421800000, 0x0000000421800000|100%| O|  |TAMS 0x0000000421800000, 0x0000000421000000| Untracked 
|  67|0x0000000421800000, 0x0000000422000000, 0x0000000422000000|100%| O|  |TAMS 0x0000000422000000, 0x0000000421800000| Untracked 
|  68|0x0000000422000000, 0x0000000422000000, 0x0000000422800000|  0%| F|  |TAMS 0x0000000422000000, 0x0000000422000000| Untracked 
|  69|0x0000000422800000, 0x0000000423000000, 0x0000000423000000|100%| O|  |TAMS 0x0000000423000000, 0x0000000422800000| Untracked 
|  70|0x0000000423000000, 0x0000000423800000, 0x0000000423800000|100%| O|  |TAMS 0x0000000423800000, 0x0000000423000000| Untracked 
|  71|0x0000000423800000, 0x0000000424000000, 0x0000000424000000|100%| O|  |TAMS 0x0000000424000000, 0x0000000423800000| Untracked 
|  72|0x0000000424000000, 0x0000000424800000, 0x0000000424800000|100%| O|  |TAMS 0x0000000424800000, 0x0000000424000000| Untracked 
|  73|0x0000000424800000, 0x0000000425000000, 0x0000000425000000|100%| O|  |TAMS 0x0000000425000000, 0x0000000424800000| Untracked 
|  74|0x0000000425000000, 0x0000000425800000, 0x0000000425800000|100%| O|  |TAMS 0x0000000425800000, 0x0000000425000000| Untracked 
|  75|0x0000000425800000, 0x0000000426000000, 0x0000000426000000|100%| O|  |TAMS 0x0000000426000000, 0x0000000425800000| Untracked 
|  76|0x0000000426000000, 0x0000000426800000, 0x0000000426800000|100%| O|  |TAMS 0x0000000426800000, 0x0000000426000000| Untracked 
|  77|0x0000000426800000, 0x0000000427000000, 0x0000000427000000|100%| O|  |TAMS 0x0000000427000000, 0x0000000426800000| Untracked 
|  78|0x0000000427000000, 0x0000000427800000, 0x0000000427800000|100%| O|  |TAMS 0x0000000427800000, 0x0000000427000000| Untracked 
|  79|0x0000000427800000, 0x0000000428000000, 0x0000000428000000|100%| O|  |TAMS 0x0000000428000000, 0x0000000427800000| Untracked 
|  80|0x0000000428000000, 0x0000000428800000, 0x0000000428800000|100%| O|  |TAMS 0x0000000428800000, 0x0000000428000000| Untracked 
|  81|0x0000000428800000, 0x0000000429000000, 0x0000000429000000|100%| O|  |TAMS 0x0000000429000000, 0x0000000428800000| Untracked 
|  82|0x0000000429000000, 0x0000000429800000, 0x0000000429800000|100%| O|  |TAMS 0x0000000429800000, 0x0000000429000000| Untracked 
|  83|0x0000000429800000, 0x000000042a000000, 0x000000042a000000|100%| O|  |TAMS 0x000000042a000000, 0x0000000429800000| Untracked 
|  84|0x000000042a000000, 0x000000042a800000, 0x000000042a800000|100%| O|  |TAMS 0x000000042a800000, 0x000000042a000000| Untracked 
|  85|0x000000042a800000, 0x000000042b000000, 0x000000042b000000|100%| O|  |TAMS 0x000000042b000000, 0x000000042a800000| Untracked 
|  86|0x000000042b000000, 0x000000042b800000, 0x000000042b800000|100%| O|  |TAMS 0x000000042b800000, 0x000000042b000000| Untracked 
|  87|0x000000042b800000, 0x000000042b800000, 0x000000042c000000|  0%| F|  |TAMS 0x000000042b800000, 0x000000042b800000| Untracked 
|  88|0x000000042c000000, 0x000000042c800000, 0x000000042c800000|100%| O|  |TAMS 0x000000042c000000, 0x000000042c000000| Untracked 
|  89|0x000000042c800000, 0x000000042d000000, 0x000000042d000000|100%| O|  |TAMS 0x000000042c800000, 0x000000042c800000| Untracked 
|  90|0x000000042d000000, 0x000000042d800000, 0x000000042d800000|100%| O|  |TAMS 0x000000042d000000, 0x000000042d000000| Untracked 
|  91|0x000000042d800000, 0x000000042e000000, 0x000000042e000000|100%| O|  |TAMS 0x000000042d800000, 0x000000042d800000| Untracked 
|  92|0x000000042e000000, 0x000000042e800000, 0x000000042e800000|100%| O|  |TAMS 0x000000042e000000, 0x000000042e000000| Untracked 
|  93|0x000000042e800000, 0x000000042f000000, 0x000000042f000000|100%| O|  |TAMS 0x000000042f000000, 0x000000042e800000| Untracked 
|  94|0x000000042f000000, 0x000000042f800000, 0x000000042f800000|100%| O|  |TAMS 0x000000042f800000, 0x000000042f000000| Untracked 
|  95|0x000000042f800000, 0x0000000430000000, 0x0000000430000000|100%| O|  |TAMS 0x0000000430000000, 0x000000042f800000| Untracked 
|  96|0x0000000430000000, 0x0000000430800000, 0x0000000430800000|100%| O|  |TAMS 0x0000000430800000, 0x0000000430000000| Untracked 
|  97|0x0000000430800000, 0x0000000431000000, 0x0000000431000000|100%| O|  |TAMS 0x0000000431000000, 0x0000000430800000| Untracked 
|  98|0x0000000431000000, 0x0000000431800000, 0x0000000431800000|100%| O|  |TAMS 0x0000000431800000, 0x0000000431000000| Untracked 
|  99|0x0000000431800000, 0x0000000432000000, 0x0000000432000000|100%| O|  |TAMS 0x0000000432000000, 0x0000000431800000| Untracked 
| 100|0x0000000432000000, 0x0000000432800000, 0x0000000432800000|100%| O|  |TAMS 0x0000000432800000, 0x0000000432000000| Untracked 
| 101|0x0000000432800000, 0x0000000433000000, 0x0000000433000000|100%| O|  |TAMS 0x0000000433000000, 0x0000000432800000| Untracked 
| 102|0x0000000433000000, 0x0000000433800000, 0x0000000433800000|100%| O|  |TAMS 0x0000000433800000, 0x0000000433000000| Untracked 
| 103|0x0000000433800000, 0x0000000433800000, 0x0000000434000000|  0%| F|  |TAMS 0x0000000433800000, 0x0000000433800000| Untracked 
| 104|0x0000000434000000, 0x0000000434000000, 0x0000000434800000|  0%| F|  |TAMS 0x0000000434000000, 0x0000000434000000| Untracked 
| 105|0x0000000434800000, 0x0000000434800000, 0x0000000435000000|  0%| F|  |TAMS 0x0000000434800000, 0x0000000434800000| Untracked 
| 106|0x0000000435000000, 0x0000000435800000, 0x0000000435800000|100%| O|  |TAMS 0x0000000435000000, 0x0000000435000000| Untracked 
| 107|0x0000000435800000, 0x0000000436000000, 0x0000000436000000|100%| O|  |TAMS 0x0000000436000000, 0x0000000435800000| Untracked 
| 108|0x0000000436000000, 0x0000000436800000, 0x0000000436800000|100%| O|  |TAMS 0x0000000436800000, 0x0000000436000000| Untracked 
| 109|0x0000000436800000, 0x0000000437000000, 0x0000000437000000|100%| O|  |TAMS 0x0000000437000000, 0x0000000436800000| Untracked 
| 110|0x0000000437000000, 0x0000000437800000, 0x0000000437800000|100%| O|  |TAMS 0x0000000437800000, 0x0000000437000000| Untracked 
| 111|0x0000000437800000, 0x0000000438000000, 0x0000000438000000|100%| O|  |TAMS 0x0000000438000000, 0x0000000437800000| Untracked 
| 112|0x0000000438000000, 0x0000000438800000, 0x0000000438800000|100%| O|  |TAMS 0x0000000438800000, 0x0000000438000000| Untracked 
| 113|0x0000000438800000, 0x0000000439000000, 0x0000000439000000|100%| O|  |TAMS 0x0000000439000000, 0x0000000438800000| Untracked 
| 114|0x0000000439000000, 0x0000000439800000, 0x0000000439800000|100%| O|  |TAMS 0x0000000439800000, 0x0000000439000000| Untracked 
| 115|0x0000000439800000, 0x000000043a000000, 0x000000043a000000|100%| O|  |TAMS 0x000000043a000000, 0x0000000439800000| Untracked 
| 116|0x000000043a000000, 0x000000043a800000, 0x000000043a800000|100%| O|  |TAMS 0x000000043a800000, 0x000000043a000000| Untracked 
| 117|0x000000043a800000, 0x000000043b000000, 0x000000043b000000|100%| O|  |TAMS 0x000000043b000000, 0x000000043a800000| Untracked 
| 118|0x000000043b000000, 0x000000043b000000, 0x000000043b800000|  0%| F|  |TAMS 0x000000043b000000, 0x000000043b000000| Untracked 
| 119|0x000000043b800000, 0x000000043b800000, 0x000000043c000000|  0%| F|  |TAMS 0x000000043b800000, 0x000000043b800000| Untracked 
| 120|0x000000043c000000, 0x000000043c000000, 0x000000043c800000|  0%| F|  |TAMS 0x000000043c000000, 0x000000043c000000| Untracked 
| 121|0x000000043c800000, 0x000000043c800000, 0x000000043d000000|  0%| F|  |TAMS 0x000000043c800000, 0x000000043c800000| Untracked 
| 122|0x000000043d000000, 0x000000043d800000, 0x000000043d800000|100%| O|  |TAMS 0x000000043d000000, 0x000000043d000000| Untracked 
| 123|0x000000043d800000, 0x000000043d800000, 0x000000043e000000|  0%| F|  |TAMS 0x000000043d800000, 0x000000043d800000| Untracked 
| 124|0x000000043e000000, 0x000000043e800000, 0x000000043e800000|100%| O|  |TAMS 0x000000043e800000, 0x000000043e000000| Untracked 
| 125|0x000000043e800000, 0x000000043f000000, 0x000000043f000000|100%| O|  |TAMS 0x000000043f000000, 0x000000043e800000| Untracked 
| 126|0x000000043f000000, 0x000000043f800000, 0x000000043f800000|100%| O|  |TAMS 0x000000043f800000, 0x000000043f000000| Untracked 
| 127|0x000000043f800000, 0x0000000440000000, 0x0000000440000000|100%| O|  |TAMS 0x0000000440000000, 0x000000043f800000| Untracked 
| 128|0x0000000440000000, 0x0000000440800000, 0x0000000440800000|100%| O|  |TAMS 0x0000000440800000, 0x0000000440000000| Untracked 
| 129|0x0000000440800000, 0x0000000440800000, 0x0000000441000000|  0%| F|  |TAMS 0x0000000440800000, 0x0000000440800000| Untracked 
| 130|0x0000000441000000, 0x0000000441000000, 0x0000000441800000|  0%| F|  |TAMS 0x0000000441000000, 0x0000000441000000| Untracked 
| 131|0x0000000441800000, 0x0000000442000000, 0x0000000442000000|100%| O|  |TAMS 0x0000000442000000, 0x0000000441800000| Untracked 
| 132|0x0000000442000000, 0x0000000442000000, 0x0000000442800000|  0%| F|  |TAMS 0x0000000442000000, 0x0000000442000000| Untracked 
| 133|0x0000000442800000, 0x0000000442800000, 0x0000000443000000|  0%| F|  |TAMS 0x0000000442800000, 0x0000000442800000| Untracked 
| 134|0x0000000443000000, 0x0000000443800000, 0x0000000443800000|100%| O|  |TAMS 0x0000000443800000, 0x0000000443000000| Untracked 
| 135|0x0000000443800000, 0x0000000444000000, 0x0000000444000000|100%| O|  |TAMS 0x0000000444000000, 0x0000000443800000| Untracked 
| 136|0x0000000444000000, 0x0000000444800000, 0x0000000444800000|100%| O|  |TAMS 0x0000000444800000, 0x0000000444000000| Untracked 
| 137|0x0000000444800000, 0x0000000445000000, 0x0000000445000000|100%| O|  |TAMS 0x0000000445000000, 0x0000000444800000| Untracked 
| 138|0x0000000445000000, 0x0000000445800000, 0x0000000445800000|100%| O|  |TAMS 0x0000000445800000, 0x0000000445000000| Untracked 
| 139|0x0000000445800000, 0x0000000446000000, 0x0000000446000000|100%| O|  |TAMS 0x0000000446000000, 0x0000000445800000| Untracked 
| 140|0x0000000446000000, 0x0000000446000000, 0x0000000446800000|  0%| F|  |TAMS 0x0000000446000000, 0x0000000446000000| Untracked 
| 141|0x0000000446800000, 0x0000000446800000, 0x0000000447000000|  0%| F|  |TAMS 0x0000000446800000, 0x0000000446800000| Untracked 
| 142|0x0000000447000000, 0x0000000447800000, 0x0000000447800000|100%| O|  |TAMS 0x0000000447000000, 0x0000000447000000| Untracked 
| 143|0x0000000447800000, 0x0000000447800000, 0x0000000448000000|  0%| F|  |TAMS 0x0000000447800000, 0x0000000447800000| Untracked 
| 144|0x0000000448000000, 0x0000000448000000, 0x0000000448800000|  0%| F|  |TAMS 0x0000000448000000, 0x0000000448000000| Untracked 
| 145|0x0000000448800000, 0x0000000448800000, 0x0000000449000000|  0%| F|  |TAMS 0x0000000448800000, 0x0000000448800000| Untracked 
| 146|0x0000000449000000, 0x0000000449000000, 0x0000000449800000|  0%| F|  |TAMS 0x0000000449000000, 0x0000000449000000| Untracked 
| 147|0x0000000449800000, 0x0000000449800000, 0x000000044a000000|  0%| F|  |TAMS 0x0000000449800000, 0x0000000449800000| Untracked 
| 148|0x000000044a000000, 0x000000044a800000, 0x000000044a800000|100%| O|  |TAMS 0x000000044a800000, 0x000000044a000000| Untracked 
| 149|0x000000044a800000, 0x000000044b000000, 0x000000044b000000|100%| O|  |TAMS 0x000000044b000000, 0x000000044a800000| Untracked 
| 150|0x000000044b000000, 0x000000044b800000, 0x000000044b800000|100%| O|  |TAMS 0x000000044b800000, 0x000000044b000000| Untracked 
| 151|0x000000044b800000, 0x000000044c000000, 0x000000044c000000|100%| O|  |TAMS 0x000000044c000000, 0x000000044b800000| Untracked 
| 152|0x000000044c000000, 0x000000044c800000, 0x000000044c800000|100%| O|  |TAMS 0x000000044c800000, 0x000000044c000000| Untracked 
| 153|0x000000044c800000, 0x000000044d000000, 0x000000044d000000|100%| O|  |TAMS 0x000000044d000000, 0x000000044c800000| Untracked 
| 154|0x000000044d000000, 0x000000044d800000, 0x000000044d800000|100%| O|  |TAMS 0x000000044d800000, 0x000000044d000000| Untracked 
| 155|0x000000044d800000, 0x000000044d800000, 0x000000044e000000|  0%| F|  |TAMS 0x000000044d800000, 0x000000044d800000| Untracked 
| 156|0x000000044e000000, 0x000000044e000000, 0x000000044e800000|  0%| F|  |TAMS 0x000000044e000000, 0x000000044e000000| Untracked 
| 157|0x000000044e800000, 0x000000044f000000, 0x000000044f000000|100%| O|  |TAMS 0x000000044f000000, 0x000000044e800000| Untracked 
| 158|0x000000044f000000, 0x000000044f000000, 0x000000044f800000|  0%| F|  |TAMS 0x000000044f000000, 0x000000044f000000| Untracked 
| 159|0x000000044f800000, 0x000000044f800000, 0x0000000450000000|  0%| F|  |TAMS 0x000000044f800000, 0x000000044f800000| Untracked 
| 160|0x0000000450000000, 0x0000000450800000, 0x0000000450800000|100%| O|  |TAMS 0x0000000450800000, 0x0000000450000000| Untracked 
| 161|0x0000000450800000, 0x0000000451000000, 0x0000000451000000|100%| O|  |TAMS 0x0000000451000000, 0x0000000450800000| Untracked 
| 162|0x0000000451000000, 0x0000000451000000, 0x0000000451800000|  0%| F|  |TAMS 0x0000000451000000, 0x0000000451000000| Untracked 
| 163|0x0000000451800000, 0x0000000451800000, 0x0000000452000000|  0%| F|  |TAMS 0x0000000451800000, 0x0000000451800000| Untracked 
| 164|0x0000000452000000, 0x0000000452000000, 0x0000000452800000|  0%| F|  |TAMS 0x0000000452000000, 0x0000000452000000| Untracked 
| 165|0x0000000452800000, 0x0000000453000000, 0x0000000453000000|100%| O|  |TAMS 0x0000000453000000, 0x0000000452800000| Untracked 
| 166|0x0000000453000000, 0x0000000453000000, 0x0000000453800000|  0%| F|  |TAMS 0x0000000453000000, 0x0000000453000000| Untracked 
| 167|0x0000000453800000, 0x0000000454000000, 0x0000000454000000|100%| O|  |TAMS 0x0000000454000000, 0x0000000453800000| Untracked 
| 168|0x0000000454000000, 0x0000000454000000, 0x0000000454800000|  0%| F|  |TAMS 0x0000000454000000, 0x0000000454000000| Untracked 
| 169|0x0000000454800000, 0x0000000455000000, 0x0000000455000000|100%| O|  |TAMS 0x0000000455000000, 0x0000000454800000| Untracked 
| 170|0x0000000455000000, 0x0000000455800000, 0x0000000455800000|100%| O|  |TAMS 0x0000000455000000, 0x0000000455000000| Untracked 
| 171|0x0000000455800000, 0x0000000456000000, 0x0000000456000000|100%| O|  |TAMS 0x0000000455800000, 0x0000000455800000| Untracked 
| 172|0x0000000456000000, 0x0000000456800000, 0x0000000456800000|100%|HS|  |TAMS 0x0000000456800000, 0x0000000456000000| Complete 
| 173|0x0000000456800000, 0x0000000457000000, 0x0000000457000000|100%|HS|  |TAMS 0x0000000457000000, 0x0000000456800000| Complete 
| 174|0x0000000457000000, 0x0000000457800000, 0x0000000457800000|100%| O|  |TAMS 0x0000000457000000, 0x0000000457000000| Untracked 
| 175|0x0000000457800000, 0x0000000457800000, 0x0000000458000000|  0%| F|  |TAMS 0x0000000457800000, 0x0000000457800000| Untracked 
| 176|0x0000000458000000, 0x0000000458800000, 0x0000000458800000|100%| O|  |TAMS 0x0000000458800000, 0x0000000458000000| Untracked 
| 177|0x0000000458800000, 0x0000000458800000, 0x0000000459000000|  0%| F|  |TAMS 0x0000000458800000, 0x0000000458800000| Untracked 
| 178|0x0000000459000000, 0x0000000459000000, 0x0000000459800000|  0%| F|  |TAMS 0x0000000459000000, 0x0000000459000000| Untracked 
| 179|0x0000000459800000, 0x0000000459800000, 0x000000045a000000|  0%| F|  |TAMS 0x0000000459800000, 0x0000000459800000| Untracked 
| 180|0x000000045a000000, 0x000000045a000000, 0x000000045a800000|  0%| F|  |TAMS 0x000000045a000000, 0x000000045a000000| Untracked 
| 181|0x000000045a800000, 0x000000045a800000, 0x000000045b000000|  0%| F|  |TAMS 0x000000045a800000, 0x000000045a800000| Untracked 
| 182|0x000000045b000000, 0x000000045b000000, 0x000000045b800000|  0%| F|  |TAMS 0x000000045b000000, 0x000000045b000000| Untracked 
| 183|0x000000045b800000, 0x000000045b800000, 0x000000045c000000|  0%| F|  |TAMS 0x000000045b800000, 0x000000045b800000| Untracked 
| 184|0x000000045c000000, 0x000000045c800000, 0x000000045c800000|100%| O|  |TAMS 0x000000045c800000, 0x000000045c000000| Untracked 
| 185|0x000000045c800000, 0x000000045d000000, 0x000000045d000000|100%| O|  |TAMS 0x000000045d000000, 0x000000045c800000| Untracked 
| 186|0x000000045d000000, 0x000000045d800000, 0x000000045d800000|100%| O|  |TAMS 0x000000045d800000, 0x000000045d000000| Untracked 
| 187|0x000000045d800000, 0x000000045e000000, 0x000000045e000000|100%| O|  |TAMS 0x000000045d800000, 0x000000045d800000| Untracked 
| 188|0x000000045e000000, 0x000000045e800000, 0x000000045e800000|100%| O|  |TAMS 0x000000045e000000, 0x000000045e000000| Untracked 
| 189|0x000000045e800000, 0x000000045f000000, 0x000000045f000000|100%| O|  |TAMS 0x000000045e800000, 0x000000045e800000| Untracked 
| 190|0x000000045f000000, 0x000000045f800000, 0x000000045f800000|100%|HS|  |TAMS 0x000000045f800000, 0x000000045f000000| Complete 
| 191|0x000000045f800000, 0x0000000460000000, 0x0000000460000000|100%| O|  |TAMS 0x0000000460000000, 0x000000045f800000| Untracked 
| 192|0x0000000460000000, 0x0000000460800000, 0x0000000460800000|100%| O|  |TAMS 0x0000000460800000, 0x0000000460000000| Untracked 
| 193|0x0000000460800000, 0x0000000461000000, 0x0000000461000000|100%| O|  |TAMS 0x0000000461000000, 0x0000000460800000| Untracked 
| 194|0x0000000461000000, 0x0000000461800000, 0x0000000461800000|100%| O|  |TAMS 0x0000000461800000, 0x0000000461000000| Untracked 
| 195|0x0000000461800000, 0x0000000462000000, 0x0000000462000000|100%| O|  |TAMS 0x0000000462000000, 0x0000000461800000| Untracked 
| 196|0x0000000462000000, 0x0000000462800000, 0x0000000462800000|100%| O|  |TAMS 0x0000000462800000, 0x0000000462000000| Untracked 
| 197|0x0000000462800000, 0x0000000463000000, 0x0000000463000000|100%| O|  |TAMS 0x0000000463000000, 0x0000000462800000| Untracked 
| 198|0x0000000463000000, 0x0000000463800000, 0x0000000463800000|100%| O|  |TAMS 0x0000000463800000, 0x0000000463000000| Untracked 
| 199|0x0000000463800000, 0x0000000464000000, 0x0000000464000000|100%| O|  |TAMS 0x0000000464000000, 0x0000000463800000| Untracked 
| 200|0x0000000464000000, 0x0000000464800000, 0x0000000464800000|100%| O|  |TAMS 0x0000000464800000, 0x0000000464000000| Untracked 
| 201|0x0000000464800000, 0x0000000464800000, 0x0000000465000000|  0%| F|  |TAMS 0x0000000464800000, 0x0000000464800000| Untracked 
| 202|0x0000000465000000, 0x0000000465800000, 0x0000000465800000|100%| O|  |TAMS 0x0000000465800000, 0x0000000465000000| Untracked 
| 203|0x0000000465800000, 0x0000000466000000, 0x0000000466000000|100%| O|  |TAMS 0x0000000466000000, 0x0000000465800000| Untracked 
| 204|0x0000000466000000, 0x0000000466800000, 0x0000000466800000|100%| O|  |TAMS 0x0000000466800000, 0x0000000466000000| Untracked 
| 205|0x0000000466800000, 0x0000000467000000, 0x0000000467000000|100%| O|  |TAMS 0x0000000467000000, 0x0000000466800000| Untracked 
| 206|0x0000000467000000, 0x0000000467000000, 0x0000000467800000|  0%| F|  |TAMS 0x0000000467000000, 0x0000000467000000| Untracked 
| 207|0x0000000467800000, 0x0000000467800000, 0x0000000468000000|  0%| F|  |TAMS 0x0000000467800000, 0x0000000467800000| Untracked 
| 208|0x0000000468000000, 0x0000000468000000, 0x0000000468800000|  0%| F|  |TAMS 0x0000000468000000, 0x0000000468000000| Untracked 
| 209|0x0000000468800000, 0x0000000469000000, 0x0000000469000000|100%| O|  |TAMS 0x0000000469000000, 0x0000000468800000| Untracked 
| 210|0x0000000469000000, 0x0000000469800000, 0x0000000469800000|100%| O|  |TAMS 0x0000000469800000, 0x0000000469000000| Untracked 
| 211|0x0000000469800000, 0x000000046a000000, 0x000000046a000000|100%| O|  |TAMS 0x000000046a000000, 0x0000000469800000| Untracked 
| 212|0x000000046a000000, 0x000000046a800000, 0x000000046a800000|100%| O|  |TAMS 0x000000046a800000, 0x000000046a000000| Untracked 
| 213|0x000000046a800000, 0x000000046b000000, 0x000000046b000000|100%| O|  |TAMS 0x000000046b000000, 0x000000046a800000| Untracked 
| 214|0x000000046b000000, 0x000000046b800000, 0x000000046b800000|100%| O|  |TAMS 0x000000046b800000, 0x000000046b000000| Untracked 
| 215|0x000000046b800000, 0x000000046c000000, 0x000000046c000000|100%| O|  |TAMS 0x000000046c000000, 0x000000046b800000| Untracked 
| 216|0x000000046c000000, 0x000000046c800000, 0x000000046c800000|100%| O|  |TAMS 0x000000046c800000, 0x000000046c000000| Untracked 
| 217|0x000000046c800000, 0x000000046d000000, 0x000000046d000000|100%| O|  |TAMS 0x000000046d000000, 0x000000046c800000| Untracked 
| 218|0x000000046d000000, 0x000000046d800000, 0x000000046d800000|100%| O|  |TAMS 0x000000046d800000, 0x000000046d000000| Untracked 
| 219|0x000000046d800000, 0x000000046e000000, 0x000000046e000000|100%| O|  |TAMS 0x000000046e000000, 0x000000046d800000| Untracked 
| 220|0x000000046e000000, 0x000000046e800000, 0x000000046e800000|100%| O|  |TAMS 0x000000046e800000, 0x000000046e000000| Untracked 
| 221|0x000000046e800000, 0x000000046f000000, 0x000000046f000000|100%| O|  |TAMS 0x000000046f000000, 0x000000046e800000| Untracked 
| 222|0x000000046f000000, 0x000000046f800000, 0x000000046f800000|100%| O|  |TAMS 0x000000046f800000, 0x000000046f000000| Untracked 
| 223|0x000000046f800000, 0x0000000470000000, 0x0000000470000000|100%| O|  |TAMS 0x0000000470000000, 0x000000046f800000| Untracked 
| 224|0x0000000470000000, 0x0000000470800000, 0x0000000470800000|100%| O|  |TAMS 0x0000000470800000, 0x0000000470000000| Untracked 
| 225|0x0000000470800000, 0x0000000471000000, 0x0000000471000000|100%| O|  |TAMS 0x0000000471000000, 0x0000000470800000| Untracked 
| 226|0x0000000471000000, 0x0000000471800000, 0x0000000471800000|100%| O|  |TAMS 0x0000000471800000, 0x0000000471000000| Untracked 
| 227|0x0000000471800000, 0x0000000471800000, 0x0000000472000000|  0%| F|  |TAMS 0x0000000471800000, 0x0000000471800000| Untracked 
| 228|0x0000000472000000, 0x0000000472000000, 0x0000000472800000|  0%| F|  |TAMS 0x0000000472000000, 0x0000000472000000| Untracked 
| 229|0x0000000472800000, 0x0000000472800000, 0x0000000473000000|  0%| F|  |TAMS 0x0000000472800000, 0x0000000472800000| Untracked 
| 230|0x0000000473000000, 0x0000000473000000, 0x0000000473800000|  0%| F|  |TAMS 0x0000000473000000, 0x0000000473000000| Untracked 
| 231|0x0000000473800000, 0x0000000473800000, 0x0000000474000000|  0%| F|  |TAMS 0x0000000473800000, 0x0000000473800000| Untracked 
| 232|0x0000000474000000, 0x0000000474000000, 0x0000000474800000|  0%| F|  |TAMS 0x0000000474000000, 0x0000000474000000| Untracked 
| 233|0x0000000474800000, 0x0000000474800000, 0x0000000475000000|  0%| F|  |TAMS 0x0000000474800000, 0x0000000474800000| Untracked 
| 234|0x0000000475000000, 0x0000000475000000, 0x0000000475800000|  0%| F|  |TAMS 0x0000000475000000, 0x0000000475000000| Untracked 
| 235|0x0000000475800000, 0x0000000476000000, 0x0000000476000000|100%| O|  |TAMS 0x0000000476000000, 0x0000000475800000| Untracked 
| 236|0x0000000476000000, 0x0000000476000000, 0x0000000476800000|  0%| F|  |TAMS 0x0000000476000000, 0x0000000476000000| Untracked 
| 237|0x0000000476800000, 0x0000000477000000, 0x0000000477000000|100%| O|  |TAMS 0x0000000477000000, 0x0000000476800000| Untracked 
| 238|0x0000000477000000, 0x0000000477800000, 0x0000000477800000|100%| O|  |TAMS 0x0000000477800000, 0x0000000477000000| Untracked 
| 239|0x0000000477800000, 0x0000000478000000, 0x0000000478000000|100%| O|  |TAMS 0x0000000478000000, 0x0000000477800000| Untracked 
| 240|0x0000000478000000, 0x0000000478800000, 0x0000000478800000|100%| O|  |TAMS 0x0000000478800000, 0x0000000478000000| Untracked 
| 241|0x0000000478800000, 0x0000000479000000, 0x0000000479000000|100%| O|  |TAMS 0x0000000479000000, 0x0000000478800000| Untracked 
| 242|0x0000000479000000, 0x0000000479800000, 0x0000000479800000|100%| O|  |TAMS 0x0000000479800000, 0x0000000479000000| Untracked 
| 243|0x0000000479800000, 0x000000047a000000, 0x000000047a000000|100%| O|  |TAMS 0x000000047a000000, 0x0000000479800000| Untracked 
| 244|0x000000047a000000, 0x000000047a800000, 0x000000047a800000|100%| O|  |TAMS 0x000000047a800000, 0x000000047a000000| Untracked 
| 245|0x000000047a800000, 0x000000047b000000, 0x000000047b000000|100%| O|  |TAMS 0x000000047b000000, 0x000000047a800000| Untracked 
| 246|0x000000047b000000, 0x000000047b800000, 0x000000047b800000|100%| O|  |TAMS 0x000000047b800000, 0x000000047b000000| Untracked 
| 247|0x000000047b800000, 0x000000047c000000, 0x000000047c000000|100%| O|  |TAMS 0x000000047c000000, 0x000000047b800000| Untracked 
| 248|0x000000047c000000, 0x000000047c800000, 0x000000047c800000|100%| O|  |TAMS 0x000000047c800000, 0x000000047c000000| Untracked 
| 249|0x000000047c800000, 0x000000047d000000, 0x000000047d000000|100%| O|  |TAMS 0x000000047d000000, 0x000000047c800000| Untracked 
| 250|0x000000047d000000, 0x000000047d800000, 0x000000047d800000|100%| O|  |TAMS 0x000000047d800000, 0x000000047d000000| Untracked 
| 251|0x000000047d800000, 0x000000047e000000, 0x000000047e000000|100%| O|  |TAMS 0x000000047e000000, 0x000000047d800000| Untracked 
| 252|0x000000047e000000, 0x000000047e800000, 0x000000047e800000|100%| O|  |TAMS 0x000000047e800000, 0x000000047e000000| Untracked 
| 253|0x000000047e800000, 0x000000047f000000, 0x000000047f000000|100%| O|  |TAMS 0x000000047f000000, 0x000000047e800000| Untracked 
| 254|0x000000047f000000, 0x000000047f800000, 0x000000047f800000|100%| O|  |TAMS 0x000000047f800000, 0x000000047f000000| Untracked 
| 255|0x000000047f800000, 0x0000000480000000, 0x0000000480000000|100%| O|  |TAMS 0x0000000480000000, 0x000000047f800000| Untracked 
| 256|0x0000000480000000, 0x0000000480800000, 0x0000000480800000|100%| O|  |TAMS 0x0000000480800000, 0x0000000480000000| Untracked 
| 257|0x0000000480800000, 0x0000000481000000, 0x0000000481000000|100%| O|  |TAMS 0x0000000481000000, 0x0000000480800000| Untracked 
| 258|0x0000000481000000, 0x0000000481800000, 0x0000000481800000|100%| O|  |TAMS 0x0000000481800000, 0x0000000481000000| Untracked 
| 259|0x0000000481800000, 0x0000000482000000, 0x0000000482000000|100%| O|  |TAMS 0x0000000482000000, 0x0000000481800000| Untracked 
| 260|0x0000000482000000, 0x0000000482800000, 0x0000000482800000|100%| O|  |TAMS 0x0000000482800000, 0x0000000482000000| Untracked 
| 261|0x0000000482800000, 0x0000000483000000, 0x0000000483000000|100%| O|  |TAMS 0x0000000483000000, 0x0000000482800000| Untracked 
| 262|0x0000000483000000, 0x0000000483800000, 0x0000000483800000|100%| O|  |TAMS 0x0000000483800000, 0x0000000483000000| Untracked 
| 263|0x0000000483800000, 0x0000000484000000, 0x0000000484000000|100%| O|  |TAMS 0x0000000484000000, 0x0000000483800000| Untracked 
| 264|0x0000000484000000, 0x0000000484800000, 0x0000000484800000|100%| O|  |TAMS 0x0000000484800000, 0x0000000484000000| Untracked 
| 265|0x0000000484800000, 0x0000000485000000, 0x0000000485000000|100%| O|  |TAMS 0x0000000485000000, 0x0000000484800000| Untracked 
| 266|0x0000000485000000, 0x0000000485800000, 0x0000000485800000|100%| O|  |TAMS 0x0000000485800000, 0x0000000485000000| Untracked 
| 267|0x0000000485800000, 0x0000000486000000, 0x0000000486000000|100%| O|  |TAMS 0x0000000486000000, 0x0000000485800000| Untracked 
| 268|0x0000000486000000, 0x0000000486800000, 0x0000000486800000|100%| O|  |TAMS 0x0000000486800000, 0x0000000486000000| Untracked 
| 269|0x0000000486800000, 0x0000000487000000, 0x0000000487000000|100%| O|  |TAMS 0x0000000487000000, 0x0000000486800000| Untracked 
| 270|0x0000000487000000, 0x0000000487800000, 0x0000000487800000|100%| O|  |TAMS 0x0000000487800000, 0x0000000487000000| Untracked 
| 271|0x0000000487800000, 0x0000000488000000, 0x0000000488000000|100%| O|  |TAMS 0x0000000488000000, 0x0000000487800000| Untracked 
| 272|0x0000000488000000, 0x0000000488800000, 0x0000000488800000|100%| O|  |TAMS 0x0000000488800000, 0x0000000488000000| Untracked 
| 273|0x0000000488800000, 0x0000000489000000, 0x0000000489000000|100%| O|  |TAMS 0x0000000489000000, 0x0000000488800000| Untracked 
| 274|0x0000000489000000, 0x0000000489800000, 0x0000000489800000|100%| O|  |TAMS 0x0000000489800000, 0x0000000489000000| Untracked 
| 275|0x0000000489800000, 0x000000048a000000, 0x000000048a000000|100%| O|  |TAMS 0x000000048a000000, 0x0000000489800000| Untracked 
| 276|0x000000048a000000, 0x000000048a800000, 0x000000048a800000|100%| O|  |TAMS 0x000000048a800000, 0x000000048a000000| Untracked 
| 277|0x000000048a800000, 0x000000048b000000, 0x000000048b000000|100%| O|  |TAMS 0x000000048b000000, 0x000000048a800000| Untracked 
| 278|0x000000048b000000, 0x000000048b800000, 0x000000048b800000|100%| O|  |TAMS 0x000000048b800000, 0x000000048b000000| Untracked 
| 279|0x000000048b800000, 0x000000048c000000, 0x000000048c000000|100%| O|  |TAMS 0x000000048c000000, 0x000000048b800000| Untracked 
| 280|0x000000048c000000, 0x000000048c800000, 0x000000048c800000|100%| O|  |TAMS 0x000000048c800000, 0x000000048c000000| Untracked 
| 281|0x000000048c800000, 0x000000048d000000, 0x000000048d000000|100%| O|  |TAMS 0x000000048d000000, 0x000000048c800000| Untracked 
| 282|0x000000048d000000, 0x000000048d800000, 0x000000048d800000|100%| O|  |TAMS 0x000000048d800000, 0x000000048d000000| Untracked 
| 283|0x000000048d800000, 0x000000048e000000, 0x000000048e000000|100%| O|  |TAMS 0x000000048e000000, 0x000000048d800000| Untracked 
| 284|0x000000048e000000, 0x000000048e800000, 0x000000048e800000|100%| O|  |TAMS 0x000000048e800000, 0x000000048e000000| Untracked 
| 285|0x000000048e800000, 0x000000048f000000, 0x000000048f000000|100%| O|  |TAMS 0x000000048f000000, 0x000000048e800000| Untracked 
| 286|0x000000048f000000, 0x000000048f800000, 0x000000048f800000|100%| O|  |TAMS 0x000000048f800000, 0x000000048f000000| Untracked 
| 287|0x000000048f800000, 0x0000000490000000, 0x0000000490000000|100%| O|  |TAMS 0x0000000490000000, 0x000000048f800000| Untracked 
| 288|0x0000000490000000, 0x0000000490800000, 0x0000000490800000|100%| O|  |TAMS 0x0000000490800000, 0x0000000490000000| Untracked 
| 289|0x0000000490800000, 0x0000000491000000, 0x0000000491000000|100%| O|  |TAMS 0x0000000491000000, 0x0000000490800000| Untracked 
| 290|0x0000000491000000, 0x0000000491800000, 0x0000000491800000|100%| O|  |TAMS 0x0000000491800000, 0x0000000491000000| Untracked 
| 291|0x0000000491800000, 0x0000000492000000, 0x0000000492000000|100%| O|  |TAMS 0x0000000492000000, 0x0000000491800000| Untracked 
| 292|0x0000000492000000, 0x0000000492800000, 0x0000000492800000|100%| O|  |TAMS 0x0000000492800000, 0x0000000492000000| Untracked 
| 293|0x0000000492800000, 0x0000000493000000, 0x0000000493000000|100%| O|  |TAMS 0x0000000493000000, 0x0000000492800000| Untracked 
| 294|0x0000000493000000, 0x0000000493800000, 0x0000000493800000|100%| O|  |TAMS 0x0000000493800000, 0x0000000493000000| Untracked 
| 295|0x0000000493800000, 0x0000000494000000, 0x0000000494000000|100%| O|  |TAMS 0x0000000494000000, 0x0000000493800000| Untracked 
| 296|0x0000000494000000, 0x0000000494000000, 0x0000000494800000|  0%| F|  |TAMS 0x0000000494000000, 0x0000000494000000| Untracked 
| 297|0x0000000494800000, 0x0000000494800000, 0x0000000495000000|  0%| F|  |TAMS 0x0000000494800000, 0x0000000494800000| Untracked 
| 298|0x0000000495000000, 0x0000000495000000, 0x0000000495800000|  0%| F|  |TAMS 0x0000000495000000, 0x0000000495000000| Untracked 
| 299|0x0000000495800000, 0x0000000495800000, 0x0000000496000000|  0%| F|  |TAMS 0x0000000495800000, 0x0000000495800000| Untracked 
| 300|0x0000000496000000, 0x0000000496800000, 0x0000000496800000|100%| O|  |TAMS 0x0000000496000000, 0x0000000496000000| Untracked 
| 301|0x0000000496800000, 0x0000000497000000, 0x0000000497000000|100%|HS|  |TAMS 0x0000000497000000, 0x0000000496800000| Complete 
| 302|0x0000000497000000, 0x0000000497800000, 0x0000000497800000|100%|HC|  |TAMS 0x0000000497800000, 0x0000000497000000| Complete 
| 303|0x0000000497800000, 0x0000000498000000, 0x0000000498000000|100%| O|  |TAMS 0x0000000498000000, 0x0000000497800000| Untracked 
| 304|0x0000000498000000, 0x0000000498800000, 0x0000000498800000|100%| O|  |TAMS 0x0000000498800000, 0x0000000498000000| Untracked 
| 305|0x0000000498800000, 0x0000000499000000, 0x0000000499000000|100%| O|  |TAMS 0x0000000499000000, 0x0000000498800000| Untracked 
| 306|0x0000000499000000, 0x0000000499800000, 0x0000000499800000|100%| O|  |TAMS 0x0000000499800000, 0x0000000499000000| Untracked 
| 307|0x0000000499800000, 0x000000049a000000, 0x000000049a000000|100%| O|  |TAMS 0x000000049a000000, 0x0000000499800000| Untracked 
| 308|0x000000049a000000, 0x000000049a800000, 0x000000049a800000|100%| O|  |TAMS 0x000000049a800000, 0x000000049a000000| Untracked 
| 309|0x000000049a800000, 0x000000049b000000, 0x000000049b000000|100%| O|  |TAMS 0x000000049b000000, 0x000000049a800000| Untracked 
| 310|0x000000049b000000, 0x000000049b800000, 0x000000049b800000|100%| O|  |TAMS 0x000000049b800000, 0x000000049b000000| Untracked 
| 311|0x000000049b800000, 0x000000049c000000, 0x000000049c000000|100%| O|  |TAMS 0x000000049c000000, 0x000000049b800000| Untracked 
| 312|0x000000049c000000, 0x000000049c800000, 0x000000049c800000|100%| O|  |TAMS 0x000000049c800000, 0x000000049c000000| Untracked 
| 313|0x000000049c800000, 0x000000049d000000, 0x000000049d000000|100%| O|  |TAMS 0x000000049d000000, 0x000000049c800000| Untracked 
| 314|0x000000049d000000, 0x000000049d800000, 0x000000049d800000|100%| O|  |TAMS 0x000000049d800000, 0x000000049d000000| Untracked 
| 315|0x000000049d800000, 0x000000049e000000, 0x000000049e000000|100%| O|  |TAMS 0x000000049e000000, 0x000000049d800000| Untracked 
| 316|0x000000049e000000, 0x000000049e800000, 0x000000049e800000|100%| O|  |TAMS 0x000000049e800000, 0x000000049e000000| Untracked 
| 317|0x000000049e800000, 0x000000049f000000, 0x000000049f000000|100%| O|  |TAMS 0x000000049f000000, 0x000000049e800000| Untracked 
| 318|0x000000049f000000, 0x000000049f800000, 0x000000049f800000|100%| O|  |TAMS 0x000000049f800000, 0x000000049f000000| Untracked 
| 319|0x000000049f800000, 0x00000004a0000000, 0x00000004a0000000|100%| O|  |TAMS 0x00000004a0000000, 0x000000049f800000| Untracked 
| 320|0x00000004a0000000, 0x00000004a0800000, 0x00000004a0800000|100%| O|  |TAMS 0x00000004a0800000, 0x00000004a0000000| Untracked 
| 321|0x00000004a0800000, 0x00000004a1000000, 0x00000004a1000000|100%| O|  |TAMS 0x00000004a1000000, 0x00000004a0800000| Untracked 
| 322|0x00000004a1000000, 0x00000004a1800000, 0x00000004a1800000|100%| O|  |TAMS 0x00000004a1800000, 0x00000004a1000000| Untracked 
| 323|0x00000004a1800000, 0x00000004a2000000, 0x00000004a2000000|100%| O|  |TAMS 0x00000004a2000000, 0x00000004a1800000| Untracked 
| 324|0x00000004a2000000, 0x00000004a2800000, 0x00000004a2800000|100%| O|  |TAMS 0x00000004a2800000, 0x00000004a2000000| Untracked 
| 325|0x00000004a2800000, 0x00000004a3000000, 0x00000004a3000000|100%| O|  |TAMS 0x00000004a3000000, 0x00000004a2800000| Untracked 
| 326|0x00000004a3000000, 0x00000004a3800000, 0x00000004a3800000|100%| O|  |TAMS 0x00000004a3800000, 0x00000004a3000000| Untracked 
| 327|0x00000004a3800000, 0x00000004a4000000, 0x00000004a4000000|100%| O|  |TAMS 0x00000004a4000000, 0x00000004a3800000| Untracked 
| 328|0x00000004a4000000, 0x00000004a4800000, 0x00000004a4800000|100%| O|  |TAMS 0x00000004a4800000, 0x00000004a4000000| Untracked 
| 329|0x00000004a4800000, 0x00000004a5000000, 0x00000004a5000000|100%| O|  |TAMS 0x00000004a5000000, 0x00000004a4800000| Untracked 
| 330|0x00000004a5000000, 0x00000004a5800000, 0x00000004a5800000|100%| O|  |TAMS 0x00000004a5800000, 0x00000004a5000000| Untracked 
| 331|0x00000004a5800000, 0x00000004a6000000, 0x00000004a6000000|100%| O|  |TAMS 0x00000004a6000000, 0x00000004a5800000| Untracked 
| 332|0x00000004a6000000, 0x00000004a6000000, 0x00000004a6800000|  0%| F|  |TAMS 0x00000004a6000000, 0x00000004a6000000| Untracked 
| 333|0x00000004a6800000, 0x00000004a7000000, 0x00000004a7000000|100%| O|  |TAMS 0x00000004a7000000, 0x00000004a6800000| Untracked 
| 334|0x00000004a7000000, 0x00000004a7800000, 0x00000004a7800000|100%| O|  |TAMS 0x00000004a7800000, 0x00000004a7000000| Untracked 
| 335|0x00000004a7800000, 0x00000004a8000000, 0x00000004a8000000|100%| O|  |TAMS 0x00000004a8000000, 0x00000004a7800000| Untracked 
| 336|0x00000004a8000000, 0x00000004a8800000, 0x00000004a8800000|100%| O|  |TAMS 0x00000004a8800000, 0x00000004a8000000| Untracked 
| 337|0x00000004a8800000, 0x00000004a9000000, 0x00000004a9000000|100%| O|  |TAMS 0x00000004a9000000, 0x00000004a8800000| Untracked 
| 338|0x00000004a9000000, 0x00000004a9800000, 0x00000004a9800000|100%| O|  |TAMS 0x00000004a9800000, 0x00000004a9000000| Untracked 
| 339|0x00000004a9800000, 0x00000004aa000000, 0x00000004aa000000|100%| O|  |TAMS 0x00000004aa000000, 0x00000004a9800000| Untracked 
| 340|0x00000004aa000000, 0x00000004aa800000, 0x00000004aa800000|100%| O|  |TAMS 0x00000004aa800000, 0x00000004aa000000| Untracked 
| 341|0x00000004aa800000, 0x00000004ab000000, 0x00000004ab000000|100%| O|  |TAMS 0x00000004ab000000, 0x00000004aa800000| Untracked 
| 342|0x00000004ab000000, 0x00000004ab800000, 0x00000004ab800000|100%| O|  |TAMS 0x00000004ab800000, 0x00000004ab000000| Untracked 
| 343|0x00000004ab800000, 0x00000004ac000000, 0x00000004ac000000|100%| O|  |TAMS 0x00000004ac000000, 0x00000004ab800000| Untracked 
| 344|0x00000004ac000000, 0x00000004ac800000, 0x00000004ac800000|100%| O|  |TAMS 0x00000004ac800000, 0x00000004ac000000| Untracked 
| 345|0x00000004ac800000, 0x00000004ad000000, 0x00000004ad000000|100%| O|  |TAMS 0x00000004ad000000, 0x00000004ac800000| Untracked 
| 346|0x00000004ad000000, 0x00000004ad800000, 0x00000004ad800000|100%| O|  |TAMS 0x00000004ad800000, 0x00000004ad000000| Untracked 
| 347|0x00000004ad800000, 0x00000004ae000000, 0x00000004ae000000|100%| O|  |TAMS 0x00000004ae000000, 0x00000004ad800000| Untracked 
| 348|0x00000004ae000000, 0x00000004ae000000, 0x00000004ae800000|  0%| F|  |TAMS 0x00000004ae000000, 0x00000004ae000000| Untracked 
| 349|0x00000004ae800000, 0x00000004ae800000, 0x00000004af000000|  0%| F|  |TAMS 0x00000004ae800000, 0x00000004ae800000| Untracked 
| 350|0x00000004af000000, 0x00000004af000000, 0x00000004af800000|  0%| F|  |TAMS 0x00000004af000000, 0x00000004af000000| Untracked 
| 351|0x00000004af800000, 0x00000004af800000, 0x00000004b0000000|  0%| F|  |TAMS 0x00000004af800000, 0x00000004af800000| Untracked 
| 352|0x00000004b0000000, 0x00000004b0800000, 0x00000004b0800000|100%| O|  |TAMS 0x00000004b0800000, 0x00000004b0000000| Untracked 
| 353|0x00000004b0800000, 0x00000004b1000000, 0x00000004b1000000|100%| O|  |TAMS 0x00000004b1000000, 0x00000004b0800000| Untracked 
| 354|0x00000004b1000000, 0x00000004b1800000, 0x00000004b1800000|100%| O|  |TAMS 0x00000004b1800000, 0x00000004b1000000| Untracked 
| 355|0x00000004b1800000, 0x00000004b1800000, 0x00000004b2000000|  0%| F|  |TAMS 0x00000004b1800000, 0x00000004b1800000| Untracked 
| 356|0x00000004b2000000, 0x00000004b2000000, 0x00000004b2800000|  0%| F|  |TAMS 0x00000004b2000000, 0x00000004b2000000| Untracked 
| 357|0x00000004b2800000, 0x00000004b2800000, 0x00000004b3000000|  0%| F|  |TAMS 0x00000004b2800000, 0x00000004b2800000| Untracked 
| 358|0x00000004b3000000, 0x00000004b3000000, 0x00000004b3800000|  0%| F|  |TAMS 0x00000004b3000000, 0x00000004b3000000| Untracked 
| 359|0x00000004b3800000, 0x00000004b3800000, 0x00000004b4000000|  0%| F|  |TAMS 0x00000004b3800000, 0x00000004b3800000| Untracked 
| 360|0x00000004b4000000, 0x00000004b4000000, 0x00000004b4800000|  0%| F|  |TAMS 0x00000004b4000000, 0x00000004b4000000| Untracked 
| 361|0x00000004b4800000, 0x00000004b4800000, 0x00000004b5000000|  0%| F|  |TAMS 0x00000004b4800000, 0x00000004b4800000| Untracked 
| 362|0x00000004b5000000, 0x00000004b5000000, 0x00000004b5800000|  0%| F|  |TAMS 0x00000004b5000000, 0x00000004b5000000| Untracked 
| 363|0x00000004b5800000, 0x00000004b6000000, 0x00000004b6000000|100%| O|  |TAMS 0x00000004b6000000, 0x00000004b5800000| Untracked 
| 364|0x00000004b6000000, 0x00000004b6800000, 0x00000004b6800000|100%| O|  |TAMS 0x00000004b6800000, 0x00000004b6000000| Untracked 
| 365|0x00000004b6800000, 0x00000004b7000000, 0x00000004b7000000|100%| O|  |TAMS 0x00000004b7000000, 0x00000004b6800000| Untracked 
| 366|0x00000004b7000000, 0x00000004b7800000, 0x00000004b7800000|100%| O|  |TAMS 0x00000004b7800000, 0x00000004b7000000| Untracked 
| 367|0x00000004b7800000, 0x00000004b8000000, 0x00000004b8000000|100%| O|  |TAMS 0x00000004b8000000, 0x00000004b7800000| Untracked 
| 368|0x00000004b8000000, 0x00000004b8800000, 0x00000004b8800000|100%| O|  |TAMS 0x00000004b8800000, 0x00000004b8000000| Untracked 
| 369|0x00000004b8800000, 0x00000004b9000000, 0x00000004b9000000|100%| O|  |TAMS 0x00000004b9000000, 0x00000004b8800000| Untracked 
| 370|0x00000004b9000000, 0x00000004b9800000, 0x00000004b9800000|100%| O|  |TAMS 0x00000004b9800000, 0x00000004b9000000| Untracked 
| 371|0x00000004b9800000, 0x00000004ba000000, 0x00000004ba000000|100%| O|  |TAMS 0x00000004ba000000, 0x00000004b9800000| Untracked 
| 372|0x00000004ba000000, 0x00000004ba800000, 0x00000004ba800000|100%| O|  |TAMS 0x00000004ba2a1a08, 0x00000004ba000000| Untracked 
| 373|0x00000004ba800000, 0x00000004bb000000, 0x00000004bb000000|100%| O|  |TAMS 0x00000004ba800000, 0x00000004ba800000| Untracked 
| 374|0x00000004bb000000, 0x00000004bb800000, 0x00000004bb800000|100%| O|  |TAMS 0x00000004bb000000, 0x00000004bb000000| Untracked 
| 375|0x00000004bb800000, 0x00000004bc000000, 0x00000004bc000000|100%| O|  |TAMS 0x00000004bb800000, 0x00000004bb800000| Untracked 
| 376|0x00000004bc000000, 0x00000004bc800000, 0x00000004bc800000|100%| O|  |TAMS 0x00000004bc000000, 0x00000004bc000000| Untracked 
| 377|0x00000004bc800000, 0x00000004bd000000, 0x00000004bd000000|100%| O|  |TAMS 0x00000004bc800000, 0x00000004bc800000| Untracked 
| 378|0x00000004bd000000, 0x00000004bd800000, 0x00000004bd800000|100%| O|  |TAMS 0x00000004bd000000, 0x00000004bd000000| Untracked 
| 379|0x00000004bd800000, 0x00000004be000000, 0x00000004be000000|100%| O|  |TAMS 0x00000004bd800000, 0x00000004bd800000| Untracked 
| 380|0x00000004be000000, 0x00000004be800000, 0x00000004be800000|100%| O|  |TAMS 0x00000004be000000, 0x00000004be000000| Untracked 
| 381|0x00000004be800000, 0x00000004bf000000, 0x00000004bf000000|100%| O|  |TAMS 0x00000004be800000, 0x00000004be800000| Untracked 
| 382|0x00000004bf000000, 0x00000004bf800000, 0x00000004bf800000|100%| O|  |TAMS 0x00000004bf000000, 0x00000004bf000000| Untracked 
| 383|0x00000004bf800000, 0x00000004c0000000, 0x00000004c0000000|100%| O|  |TAMS 0x00000004bf800000, 0x00000004bf800000| Untracked 
| 384|0x00000004c0000000, 0x00000004c0800000, 0x00000004c0800000|100%| O|  |TAMS 0x00000004c0000000, 0x00000004c0000000| Untracked 
| 385|0x00000004c0800000, 0x00000004c1000000, 0x00000004c1000000|100%| O|  |TAMS 0x00000004c0800000, 0x00000004c0800000| Untracked 
| 386|0x00000004c1000000, 0x00000004c1800000, 0x00000004c1800000|100%| O|  |TAMS 0x00000004c1000000, 0x00000004c1000000| Untracked 
| 387|0x00000004c1800000, 0x00000004c2000000, 0x00000004c2000000|100%| O|  |TAMS 0x00000004c1800000, 0x00000004c1800000| Untracked 
| 388|0x00000004c2000000, 0x00000004c2800000, 0x00000004c2800000|100%| O|  |TAMS 0x00000004c2000000, 0x00000004c2000000| Untracked 
| 389|0x00000004c2800000, 0x00000004c3000000, 0x00000004c3000000|100%| O|  |TAMS 0x00000004c2800000, 0x00000004c2800000| Untracked 
| 390|0x00000004c3000000, 0x00000004c3800000, 0x00000004c3800000|100%| O|  |TAMS 0x00000004c3000000, 0x00000004c3000000| Untracked 
| 391|0x00000004c3800000, 0x00000004c4000000, 0x00000004c4000000|100%| O|  |TAMS 0x00000004c3800000, 0x00000004c3800000| Untracked 
| 392|0x00000004c4000000, 0x00000004c4800000, 0x00000004c4800000|100%| O|  |TAMS 0x00000004c4000000, 0x00000004c4000000| Untracked 
| 393|0x00000004c4800000, 0x00000004c5000000, 0x00000004c5000000|100%| O|  |TAMS 0x00000004c4800000, 0x00000004c4800000| Untracked 
| 394|0x00000004c5000000, 0x00000004c5800000, 0x00000004c5800000|100%| O|  |TAMS 0x00000004c5000000, 0x00000004c5000000| Untracked 
| 395|0x00000004c5800000, 0x00000004c6000000, 0x00000004c6000000|100%| O|  |TAMS 0x00000004c5800000, 0x00000004c5800000| Untracked 
| 396|0x00000004c6000000, 0x00000004c6800000, 0x00000004c6800000|100%| O|  |TAMS 0x00000004c6000000, 0x00000004c6000000| Untracked 
| 397|0x00000004c6800000, 0x00000004c7000000, 0x00000004c7000000|100%| O|  |TAMS 0x00000004c6800000, 0x00000004c6800000| Untracked 
| 398|0x00000004c7000000, 0x00000004c7800000, 0x00000004c7800000|100%| O|  |TAMS 0x00000004c7000000, 0x00000004c7000000| Untracked 
| 399|0x00000004c7800000, 0x00000004c8000000, 0x00000004c8000000|100%| O|  |TAMS 0x00000004c7800000, 0x00000004c7800000| Untracked 
| 400|0x00000004c8000000, 0x00000004c8800000, 0x00000004c8800000|100%| O|  |TAMS 0x00000004c8000000, 0x00000004c8000000| Untracked 
| 401|0x00000004c8800000, 0x00000004c9000000, 0x00000004c9000000|100%| O|  |TAMS 0x00000004c8800000, 0x00000004c8800000| Untracked 
| 402|0x00000004c9000000, 0x00000004c9800000, 0x00000004c9800000|100%| O|  |TAMS 0x00000004c9000000, 0x00000004c9000000| Untracked 
| 403|0x00000004c9800000, 0x00000004ca000000, 0x00000004ca000000|100%| O|  |TAMS 0x00000004c9800000, 0x00000004c9800000| Untracked 
| 404|0x00000004ca000000, 0x00000004ca800000, 0x00000004ca800000|100%| O|  |TAMS 0x00000004ca000000, 0x00000004ca000000| Untracked 
| 405|0x00000004ca800000, 0x00000004cb000000, 0x00000004cb000000|100%| O|  |TAMS 0x00000004ca800000, 0x00000004ca800000| Untracked 
| 406|0x00000004cb000000, 0x00000004cb800000, 0x00000004cb800000|100%| O|  |TAMS 0x00000004cb000000, 0x00000004cb000000| Untracked 
| 407|0x00000004cb800000, 0x00000004cc000000, 0x00000004cc000000|100%| O|  |TAMS 0x00000004cb800000, 0x00000004cb800000| Untracked 
| 408|0x00000004cc000000, 0x00000004cc800000, 0x00000004cc800000|100%| O|  |TAMS 0x00000004cc000000, 0x00000004cc000000| Untracked 
| 409|0x00000004cc800000, 0x00000004cd000000, 0x00000004cd000000|100%| O|  |TAMS 0x00000004cc800000, 0x00000004cc800000| Untracked 
| 410|0x00000004cd000000, 0x00000004cd800000, 0x00000004cd800000|100%| O|  |TAMS 0x00000004cd000000, 0x00000004cd000000| Untracked 
| 411|0x00000004cd800000, 0x00000004ce000000, 0x00000004ce000000|100%| O|  |TAMS 0x00000004cd800000, 0x00000004cd800000| Untracked 
| 412|0x00000004ce000000, 0x00000004ce800000, 0x00000004ce800000|100%| O|  |TAMS 0x00000004ce000000, 0x00000004ce000000| Untracked 
| 413|0x00000004ce800000, 0x00000004cf000000, 0x00000004cf000000|100%| O|  |TAMS 0x00000004ce800000, 0x00000004ce800000| Untracked 
| 414|0x00000004cf000000, 0x00000004cf800000, 0x00000004cf800000|100%| O|  |TAMS 0x00000004cf000000, 0x00000004cf000000| Untracked 
| 415|0x00000004cf800000, 0x00000004d0000000, 0x00000004d0000000|100%| O|  |TAMS 0x00000004cf800000, 0x00000004cf800000| Untracked 
| 416|0x00000004d0000000, 0x00000004d0450e00, 0x00000004d0800000| 53%| O|  |TAMS 0x00000004d0000000, 0x00000004d0000000| Untracked 
| 417|0x00000004d0800000, 0x00000004d0800000, 0x00000004d1000000|  0%| F|  |TAMS 0x00000004d0800000, 0x00000004d0800000| Untracked 
| 418|0x00000004d1000000, 0x00000004d1000000, 0x00000004d1800000|  0%| F|  |TAMS 0x00000004d1000000, 0x00000004d1000000| Untracked 
| 419|0x00000004d1800000, 0x00000004d1800000, 0x00000004d2000000|  0%| F|  |TAMS 0x00000004d1800000, 0x00000004d1800000| Untracked 
| 420|0x00000004d2000000, 0x00000004d2000000, 0x00000004d2800000|  0%| F|  |TAMS 0x00000004d2000000, 0x00000004d2000000| Untracked 
| 421|0x00000004d2800000, 0x00000004d2800000, 0x00000004d3000000|  0%| F|  |TAMS 0x00000004d2800000, 0x00000004d2800000| Untracked 
| 422|0x00000004d3000000, 0x00000004d3000000, 0x00000004d3800000|  0%| F|  |TAMS 0x00000004d3000000, 0x00000004d3000000| Untracked 
| 423|0x00000004d3800000, 0x00000004d3800000, 0x00000004d4000000|  0%| F|  |TAMS 0x00000004d3800000, 0x00000004d3800000| Untracked 
| 424|0x00000004d4000000, 0x00000004d4000000, 0x00000004d4800000|  0%| F|  |TAMS 0x00000004d4000000, 0x00000004d4000000| Untracked 
| 425|0x00000004d4800000, 0x00000004d4800000, 0x00000004d5000000|  0%| F|  |TAMS 0x00000004d4800000, 0x00000004d4800000| Untracked 
| 426|0x00000004d5000000, 0x00000004d5000000, 0x00000004d5800000|  0%| F|  |TAMS 0x00000004d5000000, 0x00000004d5000000| Untracked 
| 427|0x00000004d5800000, 0x00000004d5800000, 0x00000004d6000000|  0%| F|  |TAMS 0x00000004d5800000, 0x00000004d5800000| Untracked 
| 428|0x00000004d6000000, 0x00000004d6000000, 0x00000004d6800000|  0%| F|  |TAMS 0x00000004d6000000, 0x00000004d6000000| Untracked 
| 429|0x00000004d6800000, 0x00000004d6800000, 0x00000004d7000000|  0%| F|  |TAMS 0x00000004d6800000, 0x00000004d6800000| Untracked 
| 430|0x00000004d7000000, 0x00000004d7000000, 0x00000004d7800000|  0%| F|  |TAMS 0x00000004d7000000, 0x00000004d7000000| Untracked 
| 431|0x00000004d7800000, 0x00000004d7800000, 0x00000004d8000000|  0%| F|  |TAMS 0x00000004d7800000, 0x00000004d7800000| Untracked 
| 432|0x00000004d8000000, 0x00000004d8000000, 0x00000004d8800000|  0%| F|  |TAMS 0x00000004d8000000, 0x00000004d8000000| Untracked 
| 433|0x00000004d8800000, 0x00000004d8800000, 0x00000004d9000000|  0%| F|  |TAMS 0x00000004d8800000, 0x00000004d8800000| Untracked 
| 434|0x00000004d9000000, 0x00000004d9000000, 0x00000004d9800000|  0%| F|  |TAMS 0x00000004d9000000, 0x00000004d9000000| Untracked 
| 435|0x00000004d9800000, 0x00000004d9800000, 0x00000004da000000|  0%| F|  |TAMS 0x00000004d9800000, 0x00000004d9800000| Untracked 
| 436|0x00000004da000000, 0x00000004da000000, 0x00000004da800000|  0%| F|  |TAMS 0x00000004da000000, 0x00000004da000000| Untracked 
| 437|0x00000004da800000, 0x00000004da800000, 0x00000004db000000|  0%| F|  |TAMS 0x00000004da800000, 0x00000004da800000| Untracked 
| 438|0x00000004db000000, 0x00000004db000000, 0x00000004db800000|  0%| F|  |TAMS 0x00000004db000000, 0x00000004db000000| Untracked 
| 439|0x00000004db800000, 0x00000004db800000, 0x00000004dc000000|  0%| F|  |TAMS 0x00000004db800000, 0x00000004db800000| Untracked 
| 440|0x00000004dc000000, 0x00000004dc000000, 0x00000004dc800000|  0%| F|  |TAMS 0x00000004dc000000, 0x00000004dc000000| Untracked 
| 441|0x00000004dc800000, 0x00000004dc800000, 0x00000004dd000000|  0%| F|  |TAMS 0x00000004dc800000, 0x00000004dc800000| Untracked 
| 442|0x00000004dd000000, 0x00000004dd000000, 0x00000004dd800000|  0%| F|  |TAMS 0x00000004dd000000, 0x00000004dd000000| Untracked 
| 443|0x00000004dd800000, 0x00000004dd800000, 0x00000004de000000|  0%| F|  |TAMS 0x00000004dd800000, 0x00000004dd800000| Untracked 
| 444|0x00000004de000000, 0x00000004de000000, 0x00000004de800000|  0%| F|  |TAMS 0x00000004de000000, 0x00000004de000000| Untracked 
| 445|0x00000004de800000, 0x00000004de800000, 0x00000004df000000|  0%| F|  |TAMS 0x00000004de800000, 0x00000004de800000| Untracked 
| 446|0x00000004df000000, 0x00000004df000000, 0x00000004df800000|  0%| F|  |TAMS 0x00000004df000000, 0x00000004df000000| Untracked 
| 447|0x00000004df800000, 0x00000004df800000, 0x00000004e0000000|  0%| F|  |TAMS 0x00000004df800000, 0x00000004df800000| Untracked 
| 448|0x00000004e0000000, 0x00000004e0000000, 0x00000004e0800000|  0%| F|  |TAMS 0x00000004e0000000, 0x00000004e0000000| Untracked 
| 449|0x00000004e0800000, 0x00000004e0800000, 0x00000004e1000000|  0%| F|  |TAMS 0x00000004e0800000, 0x00000004e0800000| Untracked 
| 450|0x00000004e1000000, 0x00000004e1000000, 0x00000004e1800000|  0%| F|  |TAMS 0x00000004e1000000, 0x00000004e1000000| Untracked 
| 451|0x00000004e1800000, 0x00000004e1800000, 0x00000004e2000000|  0%| F|  |TAMS 0x00000004e1800000, 0x00000004e1800000| Untracked 
| 452|0x00000004e2000000, 0x00000004e2000000, 0x00000004e2800000|  0%| F|  |TAMS 0x00000004e2000000, 0x00000004e2000000| Untracked 
| 453|0x00000004e2800000, 0x00000004e2800000, 0x00000004e3000000|  0%| F|  |TAMS 0x00000004e2800000, 0x00000004e2800000| Untracked 
| 454|0x00000004e3000000, 0x00000004e3000000, 0x00000004e3800000|  0%| F|  |TAMS 0x00000004e3000000, 0x00000004e3000000| Untracked 
| 455|0x00000004e3800000, 0x00000004e3800000, 0x00000004e4000000|  0%| F|  |TAMS 0x00000004e3800000, 0x00000004e3800000| Untracked 
| 456|0x00000004e4000000, 0x00000004e4000000, 0x00000004e4800000|  0%| F|  |TAMS 0x00000004e4000000, 0x00000004e4000000| Untracked 
| 457|0x00000004e4800000, 0x00000004e4800000, 0x00000004e5000000|  0%| F|  |TAMS 0x00000004e4800000, 0x00000004e4800000| Untracked 
| 458|0x00000004e5000000, 0x00000004e5000000, 0x00000004e5800000|  0%| F|  |TAMS 0x00000004e5000000, 0x00000004e5000000| Untracked 
| 459|0x00000004e5800000, 0x00000004e5800000, 0x00000004e6000000|  0%| F|  |TAMS 0x00000004e5800000, 0x00000004e5800000| Untracked 
| 460|0x00000004e6000000, 0x00000004e6000000, 0x00000004e6800000|  0%| F|  |TAMS 0x00000004e6000000, 0x00000004e6000000| Untracked 
| 461|0x00000004e6800000, 0x00000004e6800000, 0x00000004e7000000|  0%| F|  |TAMS 0x00000004e6800000, 0x00000004e6800000| Untracked 
| 462|0x00000004e7000000, 0x00000004e7000000, 0x00000004e7800000|  0%| F|  |TAMS 0x00000004e7000000, 0x00000004e7000000| Untracked 
| 463|0x00000004e7800000, 0x00000004e7800000, 0x00000004e8000000|  0%| F|  |TAMS 0x00000004e7800000, 0x00000004e7800000| Untracked 
| 464|0x00000004e8000000, 0x00000004e8000000, 0x00000004e8800000|  0%| F|  |TAMS 0x00000004e8000000, 0x00000004e8000000| Untracked 
| 465|0x00000004e8800000, 0x00000004e8800000, 0x00000004e9000000|  0%| F|  |TAMS 0x00000004e8800000, 0x00000004e8800000| Untracked 
| 466|0x00000004e9000000, 0x00000004e9000000, 0x00000004e9800000|  0%| F|  |TAMS 0x00000004e9000000, 0x00000004e9000000| Untracked 
| 467|0x00000004e9800000, 0x00000004e9800000, 0x00000004ea000000|  0%| F|  |TAMS 0x00000004e9800000, 0x00000004e9800000| Untracked 
| 468|0x00000004ea000000, 0x00000004ea000000, 0x00000004ea800000|  0%| F|  |TAMS 0x00000004ea000000, 0x00000004ea000000| Untracked 
| 469|0x00000004ea800000, 0x00000004ea800000, 0x00000004eb000000|  0%| F|  |TAMS 0x00000004ea800000, 0x00000004ea800000| Untracked 
| 470|0x00000004eb000000, 0x00000004eb000000, 0x00000004eb800000|  0%| F|  |TAMS 0x00000004eb000000, 0x00000004eb000000| Untracked 
| 471|0x00000004eb800000, 0x00000004eb800000, 0x00000004ec000000|  0%| F|  |TAMS 0x00000004eb800000, 0x00000004eb800000| Untracked 
| 472|0x00000004ec000000, 0x00000004ec000000, 0x00000004ec800000|  0%| F|  |TAMS 0x00000004ec000000, 0x00000004ec000000| Untracked 
| 473|0x00000004ec800000, 0x00000004ec800000, 0x00000004ed000000|  0%| F|  |TAMS 0x00000004ec800000, 0x00000004ec800000| Untracked 
| 474|0x00000004ed000000, 0x00000004ed000000, 0x00000004ed800000|  0%| F|  |TAMS 0x00000004ed000000, 0x00000004ed000000| Untracked 
| 475|0x00000004ed800000, 0x00000004ed800000, 0x00000004ee000000|  0%| F|  |TAMS 0x00000004ed800000, 0x00000004ed800000| Untracked 
| 476|0x00000004ee000000, 0x00000004ee000000, 0x00000004ee800000|  0%| F|  |TAMS 0x00000004ee000000, 0x00000004ee000000| Untracked 
| 477|0x00000004ee800000, 0x00000004ee800000, 0x00000004ef000000|  0%| F|  |TAMS 0x00000004ee800000, 0x00000004ee800000| Untracked 
| 478|0x00000004ef000000, 0x00000004ef000000, 0x00000004ef800000|  0%| F|  |TAMS 0x00000004ef000000, 0x00000004ef000000| Untracked 
| 479|0x00000004ef800000, 0x00000004ef800000, 0x00000004f0000000|  0%| F|  |TAMS 0x00000004ef800000, 0x00000004ef800000| Untracked 
| 480|0x00000004f0000000, 0x00000004f0000000, 0x00000004f0800000|  0%| F|  |TAMS 0x00000004f0000000, 0x00000004f0000000| Untracked 
| 481|0x00000004f0800000, 0x00000004f0800000, 0x00000004f1000000|  0%| F|  |TAMS 0x00000004f0800000, 0x00000004f0800000| Untracked 
| 482|0x00000004f1000000, 0x00000004f1000000, 0x00000004f1800000|  0%| F|  |TAMS 0x00000004f1000000, 0x00000004f1000000| Untracked 
| 483|0x00000004f1800000, 0x00000004f1800000, 0x00000004f2000000|  0%| F|  |TAMS 0x00000004f1800000, 0x00000004f1800000| Untracked 
| 484|0x00000004f2000000, 0x00000004f2000000, 0x00000004f2800000|  0%| F|  |TAMS 0x00000004f2000000, 0x00000004f2000000| Untracked 
| 485|0x00000004f2800000, 0x00000004f2800000, 0x00000004f3000000|  0%| F|  |TAMS 0x00000004f2800000, 0x00000004f2800000| Untracked 
| 486|0x00000004f3000000, 0x00000004f3000000, 0x00000004f3800000|  0%| F|  |TAMS 0x00000004f3000000, 0x00000004f3000000| Untracked 
| 487|0x00000004f3800000, 0x00000004f3800000, 0x00000004f4000000|  0%| F|  |TAMS 0x00000004f3800000, 0x00000004f3800000| Untracked 
| 488|0x00000004f4000000, 0x00000004f4000000, 0x00000004f4800000|  0%| F|  |TAMS 0x00000004f4000000, 0x00000004f4000000| Untracked 
| 489|0x00000004f4800000, 0x00000004f4800000, 0x00000004f5000000|  0%| F|  |TAMS 0x00000004f4800000, 0x00000004f4800000| Untracked 
| 490|0x00000004f5000000, 0x00000004f5000000, 0x00000004f5800000|  0%| F|  |TAMS 0x00000004f5000000, 0x00000004f5000000| Untracked 
| 491|0x00000004f5800000, 0x00000004f5800000, 0x00000004f6000000|  0%| F|  |TAMS 0x00000004f5800000, 0x00000004f5800000| Untracked 
| 492|0x00000004f6000000, 0x00000004f6000000, 0x00000004f6800000|  0%| F|  |TAMS 0x00000004f6000000, 0x00000004f6000000| Untracked 
| 493|0x00000004f6800000, 0x00000004f6800000, 0x00000004f7000000|  0%| F|  |TAMS 0x00000004f6800000, 0x00000004f6800000| Untracked 
| 494|0x00000004f7000000, 0x00000004f7000000, 0x00000004f7800000|  0%| F|  |TAMS 0x00000004f7000000, 0x00000004f7000000| Untracked 
| 495|0x00000004f7800000, 0x00000004f7800000, 0x00000004f8000000|  0%| F|  |TAMS 0x00000004f7800000, 0x00000004f7800000| Untracked 
| 496|0x00000004f8000000, 0x00000004f8000000, 0x00000004f8800000|  0%| F|  |TAMS 0x00000004f8000000, 0x00000004f8000000| Untracked 
| 497|0x00000004f8800000, 0x00000004f8800000, 0x00000004f9000000|  0%| F|  |TAMS 0x00000004f8800000, 0x00000004f8800000| Untracked 
| 498|0x00000004f9000000, 0x00000004f9000000, 0x00000004f9800000|  0%| F|  |TAMS 0x00000004f9000000, 0x00000004f9000000| Untracked 
| 499|0x00000004f9800000, 0x00000004f9800000, 0x00000004fa000000|  0%| F|  |TAMS 0x00000004f9800000, 0x00000004f9800000| Untracked 
| 500|0x00000004fa000000, 0x00000004fa000000, 0x00000004fa800000|  0%| F|  |TAMS 0x00000004fa000000, 0x00000004fa000000| Untracked 
| 501|0x00000004fa800000, 0x00000004fa800000, 0x00000004fb000000|  0%| F|  |TAMS 0x00000004fa800000, 0x00000004fa800000| Untracked 
| 502|0x00000004fb000000, 0x00000004fb000000, 0x00000004fb800000|  0%| F|  |TAMS 0x00000004fb000000, 0x00000004fb000000| Untracked 
| 503|0x00000004fb800000, 0x00000004fb800000, 0x00000004fc000000|  0%| F|  |TAMS 0x00000004fb800000, 0x00000004fb800000| Untracked 
| 504|0x00000004fc000000, 0x00000004fc000000, 0x00000004fc800000|  0%| F|  |TAMS 0x00000004fc000000, 0x00000004fc000000| Untracked 
| 505|0x00000004fc800000, 0x00000004fc800000, 0x00000004fd000000|  0%| F|  |TAMS 0x00000004fc800000, 0x00000004fc800000| Untracked 
| 506|0x00000004fd000000, 0x00000004fd000000, 0x00000004fd800000|  0%| F|  |TAMS 0x00000004fd000000, 0x00000004fd000000| Untracked 
| 507|0x00000004fd800000, 0x00000004fd800000, 0x00000004fe000000|  0%| F|  |TAMS 0x00000004fd800000, 0x00000004fd800000| Untracked 
| 508|0x00000004fe000000, 0x00000004fe000000, 0x00000004fe800000|  0%| F|  |TAMS 0x00000004fe000000, 0x00000004fe000000| Untracked 
| 509|0x00000004fe800000, 0x00000004fe800000, 0x00000004ff000000|  0%| F|  |TAMS 0x00000004fe800000, 0x00000004fe800000| Untracked 
| 510|0x00000004ff000000, 0x00000004ff000000, 0x00000004ff800000|  0%| F|  |TAMS 0x00000004ff000000, 0x00000004ff000000| Untracked 
| 511|0x00000004ff800000, 0x00000004ff800000, 0x0000000500000000|  0%| F|  |TAMS 0x00000004ff800000, 0x00000004ff800000| Untracked 
| 512|0x0000000500000000, 0x0000000500000000, 0x0000000500800000|  0%| F|  |TAMS 0x0000000500000000, 0x0000000500000000| Untracked 
| 513|0x0000000500800000, 0x0000000500800000, 0x0000000501000000|  0%| F|  |TAMS 0x0000000500800000, 0x0000000500800000| Untracked 
| 514|0x0000000501000000, 0x0000000501000000, 0x0000000501800000|  0%| F|  |TAMS 0x0000000501000000, 0x0000000501000000| Untracked 
| 515|0x0000000501800000, 0x0000000501800000, 0x0000000502000000|  0%| F|  |TAMS 0x0000000501800000, 0x0000000501800000| Untracked 
| 516|0x0000000502000000, 0x0000000502000000, 0x0000000502800000|  0%| F|  |TAMS 0x0000000502000000, 0x0000000502000000| Untracked 
| 517|0x0000000502800000, 0x0000000502800000, 0x0000000503000000|  0%| F|  |TAMS 0x0000000502800000, 0x0000000502800000| Untracked 
| 518|0x0000000503000000, 0x0000000503000000, 0x0000000503800000|  0%| F|  |TAMS 0x0000000503000000, 0x0000000503000000| Untracked 
| 519|0x0000000503800000, 0x0000000503800000, 0x0000000504000000|  0%| F|  |TAMS 0x0000000503800000, 0x0000000503800000| Untracked 
| 520|0x0000000504000000, 0x0000000504000000, 0x0000000504800000|  0%| F|  |TAMS 0x0000000504000000, 0x0000000504000000| Untracked 
| 521|0x0000000504800000, 0x0000000504800000, 0x0000000505000000|  0%| F|  |TAMS 0x0000000504800000, 0x0000000504800000| Untracked 
| 522|0x0000000505000000, 0x0000000505000000, 0x0000000505800000|  0%| F|  |TAMS 0x0000000505000000, 0x0000000505000000| Untracked 
| 523|0x0000000505800000, 0x0000000505800000, 0x0000000506000000|  0%| F|  |TAMS 0x0000000505800000, 0x0000000505800000| Untracked 
| 524|0x0000000506000000, 0x0000000506000000, 0x0000000506800000|  0%| F|  |TAMS 0x0000000506000000, 0x0000000506000000| Untracked 
| 525|0x0000000506800000, 0x0000000506800000, 0x0000000507000000|  0%| F|  |TAMS 0x0000000506800000, 0x0000000506800000| Untracked 
| 526|0x0000000507000000, 0x0000000507000000, 0x0000000507800000|  0%| F|  |TAMS 0x0000000507000000, 0x0000000507000000| Untracked 
| 527|0x0000000507800000, 0x0000000507800000, 0x0000000508000000|  0%| F|  |TAMS 0x0000000507800000, 0x0000000507800000| Untracked 
| 528|0x0000000508000000, 0x0000000508000000, 0x0000000508800000|  0%| F|  |TAMS 0x0000000508000000, 0x0000000508000000| Untracked 
| 529|0x0000000508800000, 0x0000000508800000, 0x0000000509000000|  0%| F|  |TAMS 0x0000000508800000, 0x0000000508800000| Untracked 
| 530|0x0000000509000000, 0x0000000509000000, 0x0000000509800000|  0%| F|  |TAMS 0x0000000509000000, 0x0000000509000000| Untracked 
| 531|0x0000000509800000, 0x0000000509800000, 0x000000050a000000|  0%| F|  |TAMS 0x0000000509800000, 0x0000000509800000| Untracked 
| 532|0x000000050a000000, 0x000000050a000000, 0x000000050a800000|  0%| F|  |TAMS 0x000000050a000000, 0x000000050a000000| Untracked 
| 533|0x000000050a800000, 0x000000050a800000, 0x000000050b000000|  0%| F|  |TAMS 0x000000050a800000, 0x000000050a800000| Untracked 
| 534|0x000000050b000000, 0x000000050b000000, 0x000000050b800000|  0%| F|  |TAMS 0x000000050b000000, 0x000000050b000000| Untracked 
| 535|0x000000050b800000, 0x000000050b800000, 0x000000050c000000|  0%| F|  |TAMS 0x000000050b800000, 0x000000050b800000| Untracked 
| 536|0x000000050c000000, 0x000000050c000000, 0x000000050c800000|  0%| F|  |TAMS 0x000000050c000000, 0x000000050c000000| Untracked 
| 537|0x000000050c800000, 0x000000050c800000, 0x000000050d000000|  0%| F|  |TAMS 0x000000050c800000, 0x000000050c800000| Untracked 
| 538|0x000000050d000000, 0x000000050d000000, 0x000000050d800000|  0%| F|  |TAMS 0x000000050d000000, 0x000000050d000000| Untracked 
| 539|0x000000050d800000, 0x000000050d800000, 0x000000050e000000|  0%| F|  |TAMS 0x000000050d800000, 0x000000050d800000| Untracked 
| 540|0x000000050e000000, 0x000000050e000000, 0x000000050e800000|  0%| F|  |TAMS 0x000000050e000000, 0x000000050e000000| Untracked 
| 541|0x000000050e800000, 0x000000050e800000, 0x000000050f000000|  0%| F|  |TAMS 0x000000050e800000, 0x000000050e800000| Untracked 
| 542|0x000000050f000000, 0x000000050f000000, 0x000000050f800000|  0%| F|  |TAMS 0x000000050f000000, 0x000000050f000000| Untracked 
| 543|0x000000050f800000, 0x000000050f800000, 0x0000000510000000|  0%| F|  |TAMS 0x000000050f800000, 0x000000050f800000| Untracked 
| 544|0x0000000510000000, 0x0000000510000000, 0x0000000510800000|  0%| F|  |TAMS 0x0000000510000000, 0x0000000510000000| Untracked 
| 545|0x0000000510800000, 0x0000000510800000, 0x0000000511000000|  0%| F|  |TAMS 0x0000000510800000, 0x0000000510800000| Untracked 
| 546|0x0000000511000000, 0x0000000511000000, 0x0000000511800000|  0%| F|  |TAMS 0x0000000511000000, 0x0000000511000000| Untracked 
| 547|0x0000000511800000, 0x0000000511800000, 0x0000000512000000|  0%| F|  |TAMS 0x0000000511800000, 0x0000000511800000| Untracked 
| 548|0x0000000512000000, 0x0000000512000000, 0x0000000512800000|  0%| F|  |TAMS 0x0000000512000000, 0x0000000512000000| Untracked 
| 549|0x0000000512800000, 0x0000000512800000, 0x0000000513000000|  0%| F|  |TAMS 0x0000000512800000, 0x0000000512800000| Untracked 
| 550|0x0000000513000000, 0x0000000513000000, 0x0000000513800000|  0%| F|  |TAMS 0x0000000513000000, 0x0000000513000000| Untracked 
| 551|0x0000000513800000, 0x0000000513800000, 0x0000000514000000|  0%| F|  |TAMS 0x0000000513800000, 0x0000000513800000| Untracked 
| 552|0x0000000514000000, 0x0000000514000000, 0x0000000514800000|  0%| F|  |TAMS 0x0000000514000000, 0x0000000514000000| Untracked 
| 553|0x0000000514800000, 0x0000000514800000, 0x0000000515000000|  0%| F|  |TAMS 0x0000000514800000, 0x0000000514800000| Untracked 
| 554|0x0000000515000000, 0x0000000515000000, 0x0000000515800000|  0%| F|  |TAMS 0x0000000515000000, 0x0000000515000000| Untracked 
| 555|0x0000000515800000, 0x0000000515800000, 0x0000000516000000|  0%| F|  |TAMS 0x0000000515800000, 0x0000000515800000| Untracked 
| 556|0x0000000516000000, 0x0000000516000000, 0x0000000516800000|  0%| F|  |TAMS 0x0000000516000000, 0x0000000516000000| Untracked 
| 557|0x0000000516800000, 0x0000000516800000, 0x0000000517000000|  0%| F|  |TAMS 0x0000000516800000, 0x0000000516800000| Untracked 
| 558|0x0000000517000000, 0x0000000517000000, 0x0000000517800000|  0%| F|  |TAMS 0x0000000517000000, 0x0000000517000000| Untracked 
| 559|0x0000000517800000, 0x0000000517800000, 0x0000000518000000|  0%| F|  |TAMS 0x0000000517800000, 0x0000000517800000| Untracked 
| 560|0x0000000518000000, 0x0000000518000000, 0x0000000518800000|  0%| F|  |TAMS 0x0000000518000000, 0x0000000518000000| Untracked 
| 561|0x0000000518800000, 0x0000000518800000, 0x0000000519000000|  0%| F|  |TAMS 0x0000000518800000, 0x0000000518800000| Untracked 
| 562|0x0000000519000000, 0x0000000519000000, 0x0000000519800000|  0%| F|  |TAMS 0x0000000519000000, 0x0000000519000000| Untracked 
| 563|0x0000000519800000, 0x0000000519800000, 0x000000051a000000|  0%| F|  |TAMS 0x0000000519800000, 0x0000000519800000| Untracked 
| 564|0x000000051a000000, 0x000000051a000000, 0x000000051a800000|  0%| F|  |TAMS 0x000000051a000000, 0x000000051a000000| Untracked 
| 565|0x000000051a800000, 0x000000051a800000, 0x000000051b000000|  0%| F|  |TAMS 0x000000051a800000, 0x000000051a800000| Untracked 
| 566|0x000000051b000000, 0x000000051b000000, 0x000000051b800000|  0%| F|  |TAMS 0x000000051b000000, 0x000000051b000000| Untracked 
| 567|0x000000051b800000, 0x000000051b800000, 0x000000051c000000|  0%| F|  |TAMS 0x000000051b800000, 0x000000051b800000| Untracked 
| 568|0x000000051c000000, 0x000000051c000000, 0x000000051c800000|  0%| F|  |TAMS 0x000000051c000000, 0x000000051c000000| Untracked 
| 569|0x000000051c800000, 0x000000051c800000, 0x000000051d000000|  0%| F|  |TAMS 0x000000051c800000, 0x000000051c800000| Untracked 
| 570|0x000000051d000000, 0x000000051d000000, 0x000000051d800000|  0%| F|  |TAMS 0x000000051d000000, 0x000000051d000000| Untracked 
| 571|0x000000051d800000, 0x000000051d800000, 0x000000051e000000|  0%| F|  |TAMS 0x000000051d800000, 0x000000051d800000| Untracked 
| 572|0x000000051e000000, 0x000000051e000000, 0x000000051e800000|  0%| F|  |TAMS 0x000000051e000000, 0x000000051e000000| Untracked 
| 573|0x000000051e800000, 0x000000051e800000, 0x000000051f000000|  0%| F|  |TAMS 0x000000051e800000, 0x000000051e800000| Untracked 
| 574|0x000000051f000000, 0x000000051f000000, 0x000000051f800000|  0%| F|  |TAMS 0x000000051f000000, 0x000000051f000000| Untracked 
| 575|0x000000051f800000, 0x000000051f800000, 0x0000000520000000|  0%| F|  |TAMS 0x000000051f800000, 0x000000051f800000| Untracked 
| 576|0x0000000520000000, 0x0000000520000000, 0x0000000520800000|  0%| F|  |TAMS 0x0000000520000000, 0x0000000520000000| Untracked 
| 577|0x0000000520800000, 0x0000000520800000, 0x0000000521000000|  0%| F|  |TAMS 0x0000000520800000, 0x0000000520800000| Untracked 
| 578|0x0000000521000000, 0x0000000521000000, 0x0000000521800000|  0%| F|  |TAMS 0x0000000521000000, 0x0000000521000000| Untracked 
| 579|0x0000000521800000, 0x0000000521800000, 0x0000000522000000|  0%| F|  |TAMS 0x0000000521800000, 0x0000000521800000| Untracked 
| 580|0x0000000522000000, 0x0000000522000000, 0x0000000522800000|  0%| F|  |TAMS 0x0000000522000000, 0x0000000522000000| Untracked 
| 581|0x0000000522800000, 0x0000000522800000, 0x0000000523000000|  0%| F|  |TAMS 0x0000000522800000, 0x0000000522800000| Untracked 
| 582|0x0000000523000000, 0x0000000523000000, 0x0000000523800000|  0%| F|  |TAMS 0x0000000523000000, 0x0000000523000000| Untracked 
| 583|0x0000000523800000, 0x0000000523800000, 0x0000000524000000|  0%| F|  |TAMS 0x0000000523800000, 0x0000000523800000| Untracked 
| 584|0x0000000524000000, 0x0000000524000000, 0x0000000524800000|  0%| F|  |TAMS 0x0000000524000000, 0x0000000524000000| Untracked 
| 585|0x0000000524800000, 0x0000000524800000, 0x0000000525000000|  0%| F|  |TAMS 0x0000000524800000, 0x0000000524800000| Untracked 
| 586|0x0000000525000000, 0x0000000525000000, 0x0000000525800000|  0%| F|  |TAMS 0x0000000525000000, 0x0000000525000000| Untracked 
| 587|0x0000000525800000, 0x0000000525800000, 0x0000000526000000|  0%| F|  |TAMS 0x0000000525800000, 0x0000000525800000| Untracked 
| 588|0x0000000526000000, 0x0000000526000000, 0x0000000526800000|  0%| F|  |TAMS 0x0000000526000000, 0x0000000526000000| Untracked 
| 589|0x0000000526800000, 0x0000000526800000, 0x0000000527000000|  0%| F|  |TAMS 0x0000000526800000, 0x0000000526800000| Untracked 
| 590|0x0000000527000000, 0x0000000527000000, 0x0000000527800000|  0%| F|  |TAMS 0x0000000527000000, 0x0000000527000000| Untracked 
| 591|0x0000000527800000, 0x0000000527800000, 0x0000000528000000|  0%| F|  |TAMS 0x0000000527800000, 0x0000000527800000| Untracked 
| 592|0x0000000528000000, 0x0000000528000000, 0x0000000528800000|  0%| F|  |TAMS 0x0000000528000000, 0x0000000528000000| Untracked 
| 593|0x0000000528800000, 0x0000000528800000, 0x0000000529000000|  0%| F|  |TAMS 0x0000000528800000, 0x0000000528800000| Untracked 
| 594|0x0000000529000000, 0x0000000529000000, 0x0000000529800000|  0%| F|  |TAMS 0x0000000529000000, 0x0000000529000000| Untracked 
| 595|0x0000000529800000, 0x0000000529800000, 0x000000052a000000|  0%| F|  |TAMS 0x0000000529800000, 0x0000000529800000| Untracked 
| 596|0x000000052a000000, 0x000000052a000000, 0x000000052a800000|  0%| F|  |TAMS 0x000000052a000000, 0x000000052a000000| Untracked 
| 597|0x000000052a800000, 0x000000052a800000, 0x000000052b000000|  0%| F|  |TAMS 0x000000052a800000, 0x000000052a800000| Untracked 
| 598|0x000000052b000000, 0x000000052b000000, 0x000000052b800000|  0%| F|  |TAMS 0x000000052b000000, 0x000000052b000000| Untracked 
| 599|0x000000052b800000, 0x000000052b800000, 0x000000052c000000|  0%| F|  |TAMS 0x000000052b800000, 0x000000052b800000| Untracked 
| 600|0x000000052c000000, 0x000000052c000000, 0x000000052c800000|  0%| F|  |TAMS 0x000000052c000000, 0x000000052c000000| Untracked 
| 601|0x000000052c800000, 0x000000052c800000, 0x000000052d000000|  0%| F|  |TAMS 0x000000052c800000, 0x000000052c800000| Untracked 
| 602|0x000000052d000000, 0x000000052d000000, 0x000000052d800000|  0%| F|  |TAMS 0x000000052d000000, 0x000000052d000000| Untracked 
| 603|0x000000052d800000, 0x000000052d800000, 0x000000052e000000|  0%| F|  |TAMS 0x000000052d800000, 0x000000052d800000| Untracked 
| 604|0x000000052e000000, 0x000000052e000000, 0x000000052e800000|  0%| F|  |TAMS 0x000000052e000000, 0x000000052e000000| Untracked 
| 605|0x000000052e800000, 0x000000052e800000, 0x000000052f000000|  0%| F|  |TAMS 0x000000052e800000, 0x000000052e800000| Untracked 
| 606|0x000000052f000000, 0x000000052f000000, 0x000000052f800000|  0%| F|  |TAMS 0x000000052f000000, 0x000000052f000000| Untracked 
| 607|0x000000052f800000, 0x000000052f800000, 0x0000000530000000|  0%| F|  |TAMS 0x000000052f800000, 0x000000052f800000| Untracked 
| 608|0x0000000530000000, 0x0000000530000000, 0x0000000530800000|  0%| F|  |TAMS 0x0000000530000000, 0x0000000530000000| Untracked 
| 609|0x0000000530800000, 0x0000000530800000, 0x0000000531000000|  0%| F|  |TAMS 0x0000000530800000, 0x0000000530800000| Untracked 
| 610|0x0000000531000000, 0x0000000531000000, 0x0000000531800000|  0%| F|  |TAMS 0x0000000531000000, 0x0000000531000000| Untracked 
| 611|0x0000000531800000, 0x0000000531800000, 0x0000000532000000|  0%| F|  |TAMS 0x0000000531800000, 0x0000000531800000| Untracked 
| 612|0x0000000532000000, 0x0000000532000000, 0x0000000532800000|  0%| F|  |TAMS 0x0000000532000000, 0x0000000532000000| Untracked 
| 613|0x0000000532800000, 0x0000000532800000, 0x0000000533000000|  0%| F|  |TAMS 0x0000000532800000, 0x0000000532800000| Untracked 
| 614|0x0000000533000000, 0x0000000533000000, 0x0000000533800000|  0%| F|  |TAMS 0x0000000533000000, 0x0000000533000000| Untracked 
| 615|0x0000000533800000, 0x0000000533800000, 0x0000000534000000|  0%| F|  |TAMS 0x0000000533800000, 0x0000000533800000| Untracked 
| 616|0x0000000534000000, 0x0000000534000000, 0x0000000534800000|  0%| F|  |TAMS 0x0000000534000000, 0x0000000534000000| Untracked 
| 617|0x0000000534800000, 0x0000000534800000, 0x0000000535000000|  0%| F|  |TAMS 0x0000000534800000, 0x0000000534800000| Untracked 
| 618|0x0000000535000000, 0x0000000535000000, 0x0000000535800000|  0%| F|  |TAMS 0x0000000535000000, 0x0000000535000000| Untracked 
| 619|0x0000000535800000, 0x0000000535800000, 0x0000000536000000|  0%| F|  |TAMS 0x0000000535800000, 0x0000000535800000| Untracked 
| 620|0x0000000536000000, 0x0000000536000000, 0x0000000536800000|  0%| F|  |TAMS 0x0000000536000000, 0x0000000536000000| Untracked 
| 621|0x0000000536800000, 0x0000000536800000, 0x0000000537000000|  0%| F|  |TAMS 0x0000000536800000, 0x0000000536800000| Untracked 
| 622|0x0000000537000000, 0x0000000537000000, 0x0000000537800000|  0%| F|  |TAMS 0x0000000537000000, 0x0000000537000000| Untracked 
| 623|0x0000000537800000, 0x0000000537800000, 0x0000000538000000|  0%| F|  |TAMS 0x0000000537800000, 0x0000000537800000| Untracked 
| 624|0x0000000538000000, 0x0000000538000000, 0x0000000538800000|  0%| F|  |TAMS 0x0000000538000000, 0x0000000538000000| Untracked 
| 625|0x0000000538800000, 0x0000000538800000, 0x0000000539000000|  0%| F|  |TAMS 0x0000000538800000, 0x0000000538800000| Untracked 
| 626|0x0000000539000000, 0x0000000539000000, 0x0000000539800000|  0%| F|  |TAMS 0x0000000539000000, 0x0000000539000000| Untracked 
| 627|0x0000000539800000, 0x0000000539800000, 0x000000053a000000|  0%| F|  |TAMS 0x0000000539800000, 0x0000000539800000| Untracked 
| 628|0x000000053a000000, 0x000000053a000000, 0x000000053a800000|  0%| F|  |TAMS 0x000000053a000000, 0x000000053a000000| Untracked 
| 629|0x000000053a800000, 0x000000053a800000, 0x000000053b000000|  0%| F|  |TAMS 0x000000053a800000, 0x000000053a800000| Untracked 
| 630|0x000000053b000000, 0x000000053b000000, 0x000000053b800000|  0%| F|  |TAMS 0x000000053b000000, 0x000000053b000000| Untracked 
| 631|0x000000053b800000, 0x000000053b800000, 0x000000053c000000|  0%| F|  |TAMS 0x000000053b800000, 0x000000053b800000| Untracked 
| 632|0x000000053c000000, 0x000000053c000000, 0x000000053c800000|  0%| F|  |TAMS 0x000000053c000000, 0x000000053c000000| Untracked 
| 633|0x000000053c800000, 0x000000053c800000, 0x000000053d000000|  0%| F|  |TAMS 0x000000053c800000, 0x000000053c800000| Untracked 
| 634|0x000000053d000000, 0x000000053d000000, 0x000000053d800000|  0%| F|  |TAMS 0x000000053d000000, 0x000000053d000000| Untracked 
| 635|0x000000053d800000, 0x000000053d800000, 0x000000053e000000|  0%| F|  |TAMS 0x000000053d800000, 0x000000053d800000| Untracked 
| 636|0x000000053e000000, 0x000000053e000000, 0x000000053e800000|  0%| F|  |TAMS 0x000000053e000000, 0x000000053e000000| Untracked 
| 637|0x000000053e800000, 0x000000053e800000, 0x000000053f000000|  0%| F|  |TAMS 0x000000053e800000, 0x000000053e800000| Untracked 
| 638|0x000000053f000000, 0x000000053f000000, 0x000000053f800000|  0%| F|  |TAMS 0x000000053f000000, 0x000000053f000000| Untracked 
| 639|0x000000053f800000, 0x000000053f800000, 0x0000000540000000|  0%| F|  |TAMS 0x000000053f800000, 0x000000053f800000| Untracked 
| 640|0x0000000540000000, 0x0000000540000000, 0x0000000540800000|  0%| F|  |TAMS 0x0000000540000000, 0x0000000540000000| Untracked 
| 641|0x0000000540800000, 0x0000000540800000, 0x0000000541000000|  0%| F|  |TAMS 0x0000000540800000, 0x0000000540800000| Untracked 
| 642|0x0000000541000000, 0x0000000541000000, 0x0000000541800000|  0%| F|  |TAMS 0x0000000541000000, 0x0000000541000000| Untracked 
| 643|0x0000000541800000, 0x0000000541800000, 0x0000000542000000|  0%| F|  |TAMS 0x0000000541800000, 0x0000000541800000| Untracked 
| 644|0x0000000542000000, 0x0000000542000000, 0x0000000542800000|  0%| F|  |TAMS 0x0000000542000000, 0x0000000542000000| Untracked 
| 645|0x0000000542800000, 0x0000000542800000, 0x0000000543000000|  0%| F|  |TAMS 0x0000000542800000, 0x0000000542800000| Untracked 
| 646|0x0000000543000000, 0x0000000543000000, 0x0000000543800000|  0%| F|  |TAMS 0x0000000543000000, 0x0000000543000000| Untracked 
| 647|0x0000000543800000, 0x0000000543800000, 0x0000000544000000|  0%| F|  |TAMS 0x0000000543800000, 0x0000000543800000| Untracked 
| 648|0x0000000544000000, 0x0000000544000000, 0x0000000544800000|  0%| F|  |TAMS 0x0000000544000000, 0x0000000544000000| Untracked 
| 649|0x0000000544800000, 0x0000000544800000, 0x0000000545000000|  0%| F|  |TAMS 0x0000000544800000, 0x0000000544800000| Untracked 
| 650|0x0000000545000000, 0x0000000545000000, 0x0000000545800000|  0%| F|  |TAMS 0x0000000545000000, 0x0000000545000000| Untracked 
| 651|0x0000000545800000, 0x0000000545800000, 0x0000000546000000|  0%| F|  |TAMS 0x0000000545800000, 0x0000000545800000| Untracked 
| 652|0x0000000546000000, 0x0000000546000000, 0x0000000546800000|  0%| F|  |TAMS 0x0000000546000000, 0x0000000546000000| Untracked 
| 653|0x0000000546800000, 0x0000000546800000, 0x0000000547000000|  0%| F|  |TAMS 0x0000000546800000, 0x0000000546800000| Untracked 
| 654|0x0000000547000000, 0x0000000547000000, 0x0000000547800000|  0%| F|  |TAMS 0x0000000547000000, 0x0000000547000000| Untracked 
| 655|0x0000000547800000, 0x0000000547800000, 0x0000000548000000|  0%| F|  |TAMS 0x0000000547800000, 0x0000000547800000| Untracked 
| 656|0x0000000548000000, 0x0000000548000000, 0x0000000548800000|  0%| F|  |TAMS 0x0000000548000000, 0x0000000548000000| Untracked 
| 657|0x0000000548800000, 0x0000000548800000, 0x0000000549000000|  0%| F|  |TAMS 0x0000000548800000, 0x0000000548800000| Untracked 
| 658|0x0000000549000000, 0x0000000549000000, 0x0000000549800000|  0%| F|  |TAMS 0x0000000549000000, 0x0000000549000000| Untracked 
| 659|0x0000000549800000, 0x0000000549800000, 0x000000054a000000|  0%| F|  |TAMS 0x0000000549800000, 0x0000000549800000| Untracked 
| 660|0x000000054a000000, 0x000000054a000000, 0x000000054a800000|  0%| F|  |TAMS 0x000000054a000000, 0x000000054a000000| Untracked 
| 661|0x000000054a800000, 0x000000054a800000, 0x000000054b000000|  0%| F|  |TAMS 0x000000054a800000, 0x000000054a800000| Untracked 
| 662|0x000000054b000000, 0x000000054b000000, 0x000000054b800000|  0%| F|  |TAMS 0x000000054b000000, 0x000000054b000000| Untracked 
| 663|0x000000054b800000, 0x000000054b800000, 0x000000054c000000|  0%| F|  |TAMS 0x000000054b800000, 0x000000054b800000| Untracked 
| 664|0x000000054c000000, 0x000000054c000000, 0x000000054c800000|  0%| F|  |TAMS 0x000000054c000000, 0x000000054c000000| Untracked 
| 665|0x000000054c800000, 0x000000054c800000, 0x000000054d000000|  0%| F|  |TAMS 0x000000054c800000, 0x000000054c800000| Untracked 
| 666|0x000000054d000000, 0x000000054d000000, 0x000000054d800000|  0%| F|  |TAMS 0x000000054d000000, 0x000000054d000000| Untracked 
| 667|0x000000054d800000, 0x000000054d800000, 0x000000054e000000|  0%| F|  |TAMS 0x000000054d800000, 0x000000054d800000| Untracked 
| 668|0x000000054e000000, 0x000000054e000000, 0x000000054e800000|  0%| F|  |TAMS 0x000000054e000000, 0x000000054e000000| Untracked 
| 669|0x000000054e800000, 0x000000054e800000, 0x000000054f000000|  0%| F|  |TAMS 0x000000054e800000, 0x000000054e800000| Untracked 
| 670|0x000000054f000000, 0x000000054f000000, 0x000000054f800000|  0%| F|  |TAMS 0x000000054f000000, 0x000000054f000000| Untracked 
| 671|0x000000054f800000, 0x000000054f800000, 0x0000000550000000|  0%| F|  |TAMS 0x000000054f800000, 0x000000054f800000| Untracked 
| 672|0x0000000550000000, 0x0000000550000000, 0x0000000550800000|  0%| F|  |TAMS 0x0000000550000000, 0x0000000550000000| Untracked 
| 673|0x0000000550800000, 0x0000000550800000, 0x0000000551000000|  0%| F|  |TAMS 0x0000000550800000, 0x0000000550800000| Untracked 
| 674|0x0000000551000000, 0x0000000551000000, 0x0000000551800000|  0%| F|  |TAMS 0x0000000551000000, 0x0000000551000000| Untracked 
| 675|0x0000000551800000, 0x0000000551800000, 0x0000000552000000|  0%| F|  |TAMS 0x0000000551800000, 0x0000000551800000| Untracked 
| 676|0x0000000552000000, 0x0000000552000000, 0x0000000552800000|  0%| F|  |TAMS 0x0000000552000000, 0x0000000552000000| Untracked 
| 677|0x0000000552800000, 0x0000000552800000, 0x0000000553000000|  0%| F|  |TAMS 0x0000000552800000, 0x0000000552800000| Untracked 
| 678|0x0000000553000000, 0x0000000553000000, 0x0000000553800000|  0%| F|  |TAMS 0x0000000553000000, 0x0000000553000000| Untracked 
| 679|0x0000000553800000, 0x0000000553800000, 0x0000000554000000|  0%| F|  |TAMS 0x0000000553800000, 0x0000000553800000| Untracked 
| 680|0x0000000554000000, 0x0000000554000000, 0x0000000554800000|  0%| F|  |TAMS 0x0000000554000000, 0x0000000554000000| Untracked 
| 681|0x0000000554800000, 0x0000000554800000, 0x0000000555000000|  0%| F|  |TAMS 0x0000000554800000, 0x0000000554800000| Untracked 
| 682|0x0000000555000000, 0x0000000555000000, 0x0000000555800000|  0%| F|  |TAMS 0x0000000555000000, 0x0000000555000000| Untracked 
| 683|0x0000000555800000, 0x0000000555800000, 0x0000000556000000|  0%| F|  |TAMS 0x0000000555800000, 0x0000000555800000| Untracked 
| 684|0x0000000556000000, 0x0000000556000000, 0x0000000556800000|  0%| F|  |TAMS 0x0000000556000000, 0x0000000556000000| Untracked 
| 685|0x0000000556800000, 0x0000000556800000, 0x0000000557000000|  0%| F|  |TAMS 0x0000000556800000, 0x0000000556800000| Untracked 
| 686|0x0000000557000000, 0x0000000557000000, 0x0000000557800000|  0%| F|  |TAMS 0x0000000557000000, 0x0000000557000000| Untracked 
| 687|0x0000000557800000, 0x0000000557800000, 0x0000000558000000|  0%| F|  |TAMS 0x0000000557800000, 0x0000000557800000| Untracked 
| 688|0x0000000558000000, 0x0000000558000000, 0x0000000558800000|  0%| F|  |TAMS 0x0000000558000000, 0x0000000558000000| Untracked 
| 689|0x0000000558800000, 0x0000000558800000, 0x0000000559000000|  0%| F|  |TAMS 0x0000000558800000, 0x0000000558800000| Untracked 
| 690|0x0000000559000000, 0x0000000559000000, 0x0000000559800000|  0%| F|  |TAMS 0x0000000559000000, 0x0000000559000000| Untracked 
| 691|0x0000000559800000, 0x0000000559800000, 0x000000055a000000|  0%| F|  |TAMS 0x0000000559800000, 0x0000000559800000| Untracked 
| 692|0x000000055a000000, 0x000000055a000000, 0x000000055a800000|  0%| F|  |TAMS 0x000000055a000000, 0x000000055a000000| Untracked 
| 693|0x000000055a800000, 0x000000055a800000, 0x000000055b000000|  0%| F|  |TAMS 0x000000055a800000, 0x000000055a800000| Untracked 
| 694|0x000000055b000000, 0x000000055b000000, 0x000000055b800000|  0%| F|  |TAMS 0x000000055b000000, 0x000000055b000000| Untracked 
| 695|0x000000055b800000, 0x000000055b800000, 0x000000055c000000|  0%| F|  |TAMS 0x000000055b800000, 0x000000055b800000| Untracked 
| 696|0x000000055c000000, 0x000000055c000000, 0x000000055c800000|  0%| F|  |TAMS 0x000000055c000000, 0x000000055c000000| Untracked 
| 697|0x000000055c800000, 0x000000055c800000, 0x000000055d000000|  0%| F|  |TAMS 0x000000055c800000, 0x000000055c800000| Untracked 
| 698|0x000000055d000000, 0x000000055d000000, 0x000000055d800000|  0%| F|  |TAMS 0x000000055d000000, 0x000000055d000000| Untracked 
| 699|0x000000055d800000, 0x000000055d800000, 0x000000055e000000|  0%| F|  |TAMS 0x000000055d800000, 0x000000055d800000| Untracked 
| 700|0x000000055e000000, 0x000000055e000000, 0x000000055e800000|  0%| F|  |TAMS 0x000000055e000000, 0x000000055e000000| Untracked 
| 701|0x000000055e800000, 0x000000055e800000, 0x000000055f000000|  0%| F|  |TAMS 0x000000055e800000, 0x000000055e800000| Untracked 
| 702|0x000000055f000000, 0x000000055f000000, 0x000000055f800000|  0%| F|  |TAMS 0x000000055f000000, 0x000000055f000000| Untracked 
| 703|0x000000055f800000, 0x000000055f800000, 0x0000000560000000|  0%| F|  |TAMS 0x000000055f800000, 0x000000055f800000| Untracked 
| 704|0x0000000560000000, 0x0000000560000000, 0x0000000560800000|  0%| F|  |TAMS 0x0000000560000000, 0x0000000560000000| Untracked 
| 705|0x0000000560800000, 0x0000000560800000, 0x0000000561000000|  0%| F|  |TAMS 0x0000000560800000, 0x0000000560800000| Untracked 
| 706|0x0000000561000000, 0x0000000561000000, 0x0000000561800000|  0%| F|  |TAMS 0x0000000561000000, 0x0000000561000000| Untracked 
| 707|0x0000000561800000, 0x0000000561800000, 0x0000000562000000|  0%| F|  |TAMS 0x0000000561800000, 0x0000000561800000| Untracked 
| 708|0x0000000562000000, 0x0000000562000000, 0x0000000562800000|  0%| F|  |TAMS 0x0000000562000000, 0x0000000562000000| Untracked 
| 709|0x0000000562800000, 0x0000000562800000, 0x0000000563000000|  0%| F|  |TAMS 0x0000000562800000, 0x0000000562800000| Untracked 
| 710|0x0000000563000000, 0x0000000563000000, 0x0000000563800000|  0%| F|  |TAMS 0x0000000563000000, 0x0000000563000000| Untracked 
| 711|0x0000000563800000, 0x0000000563800000, 0x0000000564000000|  0%| F|  |TAMS 0x0000000563800000, 0x0000000563800000| Untracked 
| 712|0x0000000564000000, 0x0000000564000000, 0x0000000564800000|  0%| F|  |TAMS 0x0000000564000000, 0x0000000564000000| Untracked 
| 713|0x0000000564800000, 0x0000000564800000, 0x0000000565000000|  0%| F|  |TAMS 0x0000000564800000, 0x0000000564800000| Untracked 
| 714|0x0000000565000000, 0x0000000565000000, 0x0000000565800000|  0%| F|  |TAMS 0x0000000565000000, 0x0000000565000000| Untracked 
| 715|0x0000000565800000, 0x0000000565800000, 0x0000000566000000|  0%| F|  |TAMS 0x0000000565800000, 0x0000000565800000| Untracked 
| 716|0x0000000566000000, 0x0000000566000000, 0x0000000566800000|  0%| F|  |TAMS 0x0000000566000000, 0x0000000566000000| Untracked 
| 717|0x0000000566800000, 0x0000000566800000, 0x0000000567000000|  0%| F|  |TAMS 0x0000000566800000, 0x0000000566800000| Untracked 
| 718|0x0000000567000000, 0x0000000567000000, 0x0000000567800000|  0%| F|  |TAMS 0x0000000567000000, 0x0000000567000000| Untracked 
| 719|0x0000000567800000, 0x0000000567800000, 0x0000000568000000|  0%| F|  |TAMS 0x0000000567800000, 0x0000000567800000| Untracked 
| 720|0x0000000568000000, 0x0000000568000000, 0x0000000568800000|  0%| F|  |TAMS 0x0000000568000000, 0x0000000568000000| Untracked 
| 721|0x0000000568800000, 0x0000000568800000, 0x0000000569000000|  0%| F|  |TAMS 0x0000000568800000, 0x0000000568800000| Untracked 
| 722|0x0000000569000000, 0x0000000569000000, 0x0000000569800000|  0%| F|  |TAMS 0x0000000569000000, 0x0000000569000000| Untracked 
| 723|0x0000000569800000, 0x0000000569800000, 0x000000056a000000|  0%| F|  |TAMS 0x0000000569800000, 0x0000000569800000| Untracked 
| 724|0x000000056a000000, 0x000000056a000000, 0x000000056a800000|  0%| F|  |TAMS 0x000000056a000000, 0x000000056a000000| Untracked 
| 725|0x000000056a800000, 0x000000056a800000, 0x000000056b000000|  0%| F|  |TAMS 0x000000056a800000, 0x000000056a800000| Untracked 
| 726|0x000000056b000000, 0x000000056b000000, 0x000000056b800000|  0%| F|  |TAMS 0x000000056b000000, 0x000000056b000000| Untracked 
| 727|0x000000056b800000, 0x000000056b800000, 0x000000056c000000|  0%| F|  |TAMS 0x000000056b800000, 0x000000056b800000| Untracked 
| 728|0x000000056c000000, 0x000000056c000000, 0x000000056c800000|  0%| F|  |TAMS 0x000000056c000000, 0x000000056c000000| Untracked 
| 729|0x000000056c800000, 0x000000056c800000, 0x000000056d000000|  0%| F|  |TAMS 0x000000056c800000, 0x000000056c800000| Untracked 
| 730|0x000000056d000000, 0x000000056d000000, 0x000000056d800000|  0%| F|  |TAMS 0x000000056d000000, 0x000000056d000000| Untracked 
| 731|0x000000056d800000, 0x000000056d800000, 0x000000056e000000|  0%| F|  |TAMS 0x000000056d800000, 0x000000056d800000| Untracked 
| 732|0x000000056e000000, 0x000000056e000000, 0x000000056e800000|  0%| F|  |TAMS 0x000000056e000000, 0x000000056e000000| Untracked 
| 733|0x000000056e800000, 0x000000056e800000, 0x000000056f000000|  0%| F|  |TAMS 0x000000056e800000, 0x000000056e800000| Untracked 
| 734|0x000000056f000000, 0x000000056f141558, 0x000000056f800000| 15%| E|  |TAMS 0x000000056f000000, 0x000000056f000000| Complete 
| 735|0x000000056f800000, 0x0000000570000000, 0x0000000570000000|100%| E|CS|TAMS 0x000000056f800000, 0x000000056f800000| Complete 
| 736|0x0000000570000000, 0x0000000570800000, 0x0000000570800000|100%| E|CS|TAMS 0x0000000570000000, 0x0000000570000000| Complete 
| 737|0x0000000570800000, 0x0000000571000000, 0x0000000571000000|100%| E|CS|TAMS 0x0000000570800000, 0x0000000570800000| Complete 
| 738|0x0000000571000000, 0x0000000571800000, 0x0000000571800000|100%| E|CS|TAMS 0x0000000571000000, 0x0000000571000000| Complete 
| 739|0x0000000571800000, 0x0000000572000000, 0x0000000572000000|100%| E|CS|TAMS 0x0000000571800000, 0x0000000571800000| Complete 
| 740|0x0000000572000000, 0x0000000572800000, 0x0000000572800000|100%| E|CS|TAMS 0x0000000572000000, 0x0000000572000000| Complete 
| 741|0x0000000572800000, 0x0000000573000000, 0x0000000573000000|100%| E|CS|TAMS 0x0000000572800000, 0x0000000572800000| Complete 
| 742|0x0000000573000000, 0x0000000573800000, 0x0000000573800000|100%| E|CS|TAMS 0x0000000573000000, 0x0000000573000000| Complete 
| 743|0x0000000573800000, 0x0000000574000000, 0x0000000574000000|100%| E|CS|TAMS 0x0000000573800000, 0x0000000573800000| Complete 
| 744|0x0000000574000000, 0x0000000574800000, 0x0000000574800000|100%| E|CS|TAMS 0x0000000574000000, 0x0000000574000000| Complete 
| 745|0x0000000574800000, 0x0000000575000000, 0x0000000575000000|100%| E|CS|TAMS 0x0000000574800000, 0x0000000574800000| Complete 
| 746|0x0000000575000000, 0x0000000575800000, 0x0000000575800000|100%| E|CS|TAMS 0x0000000575000000, 0x0000000575000000| Complete 
| 747|0x0000000575800000, 0x0000000576000000, 0x0000000576000000|100%| E|CS|TAMS 0x0000000575800000, 0x0000000575800000| Complete 
| 748|0x0000000576000000, 0x0000000576800000, 0x0000000576800000|100%| E|  |TAMS 0x0000000576000000, 0x0000000576000000| Complete 
| 749|0x0000000576800000, 0x0000000577000000, 0x0000000577000000|100%| E|CS|TAMS 0x0000000576800000, 0x0000000576800000| Complete 
| 750|0x0000000577000000, 0x0000000577800000, 0x0000000577800000|100%| E|CS|TAMS 0x0000000577000000, 0x0000000577000000| Complete 
| 751|0x0000000577800000, 0x0000000578000000, 0x0000000578000000|100%| E|CS|TAMS 0x0000000577800000, 0x0000000577800000| Complete 
| 752|0x0000000578000000, 0x0000000578800000, 0x0000000578800000|100%| E|CS|TAMS 0x0000000578000000, 0x0000000578000000| Complete 
| 753|0x0000000578800000, 0x0000000579000000, 0x0000000579000000|100%| E|CS|TAMS 0x0000000578800000, 0x0000000578800000| Complete 
| 754|0x0000000579000000, 0x0000000579800000, 0x0000000579800000|100%| E|CS|TAMS 0x0000000579000000, 0x0000000579000000| Complete 
| 755|0x0000000579800000, 0x000000057a000000, 0x000000057a000000|100%| E|CS|TAMS 0x0000000579800000, 0x0000000579800000| Complete 
| 756|0x000000057a000000, 0x000000057a800000, 0x000000057a800000|100%| E|CS|TAMS 0x000000057a000000, 0x000000057a000000| Complete 
| 757|0x000000057a800000, 0x000000057b000000, 0x000000057b000000|100%| E|CS|TAMS 0x000000057a800000, 0x000000057a800000| Complete 
| 758|0x000000057b000000, 0x000000057b800000, 0x000000057b800000|100%| E|CS|TAMS 0x000000057b000000, 0x000000057b000000| Complete 
| 759|0x000000057b800000, 0x000000057c000000, 0x000000057c000000|100%| E|CS|TAMS 0x000000057b800000, 0x000000057b800000| Complete 
| 760|0x000000057c000000, 0x000000057c800000, 0x000000057c800000|100%| E|CS|TAMS 0x000000057c000000, 0x000000057c000000| Complete 
| 761|0x000000057c800000, 0x000000057d000000, 0x000000057d000000|100%| E|CS|TAMS 0x000000057c800000, 0x000000057c800000| Complete 
| 762|0x000000057d000000, 0x000000057d800000, 0x000000057d800000|100%| E|CS|TAMS 0x000000057d000000, 0x000000057d000000| Complete 
| 763|0x000000057d800000, 0x000000057e000000, 0x000000057e000000|100%| E|CS|TAMS 0x000000057d800000, 0x000000057d800000| Complete 
| 764|0x000000057e000000, 0x000000057e800000, 0x000000057e800000|100%| E|CS|TAMS 0x000000057e000000, 0x000000057e000000| Complete 
| 765|0x000000057e800000, 0x000000057f000000, 0x000000057f000000|100%| E|CS|TAMS 0x000000057e800000, 0x000000057e800000| Complete 
| 766|0x000000057f000000, 0x000000057f800000, 0x000000057f800000|100%| E|CS|TAMS 0x000000057f000000, 0x000000057f000000| Complete 
| 767|0x000000057f800000, 0x0000000580000000, 0x0000000580000000|100%| E|CS|TAMS 0x000000057f800000, 0x000000057f800000| Complete 
| 768|0x0000000580000000, 0x0000000580800000, 0x0000000580800000|100%| E|CS|TAMS 0x0000000580000000, 0x0000000580000000| Complete 
| 769|0x0000000580800000, 0x0000000581000000, 0x0000000581000000|100%| E|CS|TAMS 0x0000000580800000, 0x0000000580800000| Complete 
| 770|0x0000000581000000, 0x0000000581800000, 0x0000000581800000|100%| E|CS|TAMS 0x0000000581000000, 0x0000000581000000| Complete 
| 771|0x0000000581800000, 0x0000000582000000, 0x0000000582000000|100%| E|CS|TAMS 0x0000000581800000, 0x0000000581800000| Complete 
| 772|0x0000000582000000, 0x0000000582800000, 0x0000000582800000|100%| E|CS|TAMS 0x0000000582000000, 0x0000000582000000| Complete 
| 773|0x0000000582800000, 0x0000000583000000, 0x0000000583000000|100%| E|CS|TAMS 0x0000000582800000, 0x0000000582800000| Complete 
| 774|0x0000000583000000, 0x0000000583800000, 0x0000000583800000|100%| E|CS|TAMS 0x0000000583000000, 0x0000000583000000| Complete 
| 775|0x0000000583800000, 0x0000000584000000, 0x0000000584000000|100%| E|CS|TAMS 0x0000000583800000, 0x0000000583800000| Complete 
| 776|0x0000000584000000, 0x0000000584800000, 0x0000000584800000|100%| E|CS|TAMS 0x0000000584000000, 0x0000000584000000| Complete 
| 777|0x0000000584800000, 0x0000000585000000, 0x0000000585000000|100%| E|CS|TAMS 0x0000000584800000, 0x0000000584800000| Complete 
| 778|0x0000000585000000, 0x0000000585800000, 0x0000000585800000|100%| E|CS|TAMS 0x0000000585000000, 0x0000000585000000| Complete 
| 779|0x0000000585800000, 0x0000000586000000, 0x0000000586000000|100%| E|CS|TAMS 0x0000000585800000, 0x0000000585800000| Complete 
| 780|0x0000000586000000, 0x0000000586800000, 0x0000000586800000|100%| E|CS|TAMS 0x0000000586000000, 0x0000000586000000| Complete 
| 781|0x0000000586800000, 0x0000000587000000, 0x0000000587000000|100%| E|CS|TAMS 0x0000000586800000, 0x0000000586800000| Complete 
| 782|0x0000000587000000, 0x0000000587800000, 0x0000000587800000|100%| E|CS|TAMS 0x0000000587000000, 0x0000000587000000| Complete 
| 783|0x0000000587800000, 0x0000000588000000, 0x0000000588000000|100%| E|CS|TAMS 0x0000000587800000, 0x0000000587800000| Complete 
| 784|0x0000000588000000, 0x0000000588800000, 0x0000000588800000|100%| E|CS|TAMS 0x0000000588000000, 0x0000000588000000| Complete 
| 785|0x0000000588800000, 0x0000000589000000, 0x0000000589000000|100%| E|CS|TAMS 0x0000000588800000, 0x0000000588800000| Complete 
| 786|0x0000000589000000, 0x0000000589800000, 0x0000000589800000|100%| E|CS|TAMS 0x0000000589000000, 0x0000000589000000| Complete 
| 787|0x0000000589800000, 0x000000058a000000, 0x000000058a000000|100%| S|CS|TAMS 0x0000000589800000, 0x0000000589800000| Complete 
| 788|0x000000058a000000, 0x000000058a800000, 0x000000058a800000|100%| S|CS|TAMS 0x000000058a000000, 0x000000058a000000| Complete 
| 789|0x000000058a800000, 0x000000058b000000, 0x000000058b000000|100%| S|CS|TAMS 0x000000058a800000, 0x000000058a800000| Complete 
| 790|0x000000058b000000, 0x000000058b800000, 0x000000058b800000|100%| S|CS|TAMS 0x000000058b000000, 0x000000058b000000| Complete 
| 791|0x000000058b800000, 0x000000058c000000, 0x000000058c000000|100%| E|CS|TAMS 0x000000058b800000, 0x000000058b800000| Complete 
| 792|0x000000058c000000, 0x000000058c800000, 0x000000058c800000|100%| E|CS|TAMS 0x000000058c000000, 0x000000058c000000| Complete 
| 793|0x000000058c800000, 0x000000058d000000, 0x000000058d000000|100%| E|CS|TAMS 0x000000058c800000, 0x000000058c800000| Complete 
| 794|0x000000058d000000, 0x000000058d800000, 0x000000058d800000|100%| E|CS|TAMS 0x000000058d000000, 0x000000058d000000| Complete 
| 795|0x000000058d800000, 0x000000058e000000, 0x000000058e000000|100%| E|CS|TAMS 0x000000058d800000, 0x000000058d800000| Complete 
| 796|0x000000058e000000, 0x000000058e800000, 0x000000058e800000|100%| E|CS|TAMS 0x000000058e000000, 0x000000058e000000| Complete 
| 797|0x000000058e800000, 0x000000058f000000, 0x000000058f000000|100%| E|CS|TAMS 0x000000058e800000, 0x000000058e800000| Complete 
| 798|0x000000058f000000, 0x000000058f800000, 0x000000058f800000|100%| E|CS|TAMS 0x000000058f000000, 0x000000058f000000| Complete 
| 799|0x000000058f800000, 0x0000000590000000, 0x0000000590000000|100%| E|CS|TAMS 0x000000058f800000, 0x000000058f800000| Complete 
| 800|0x0000000590000000, 0x0000000590800000, 0x0000000590800000|100%| E|CS|TAMS 0x0000000590000000, 0x0000000590000000| Complete 
| 801|0x0000000590800000, 0x0000000591000000, 0x0000000591000000|100%| E|CS|TAMS 0x0000000590800000, 0x0000000590800000| Complete 
| 802|0x0000000591000000, 0x0000000591800000, 0x0000000591800000|100%| E|CS|TAMS 0x0000000591000000, 0x0000000591000000| Complete 
| 803|0x0000000591800000, 0x0000000592000000, 0x0000000592000000|100%| E|CS|TAMS 0x0000000591800000, 0x0000000591800000| Complete 
| 804|0x0000000592000000, 0x0000000592800000, 0x0000000592800000|100%| E|CS|TAMS 0x0000000592000000, 0x0000000592000000| Complete 
| 805|0x0000000592800000, 0x0000000593000000, 0x0000000593000000|100%| E|CS|TAMS 0x0000000592800000, 0x0000000592800000| Complete 
| 806|0x0000000593000000, 0x0000000593800000, 0x0000000593800000|100%| E|CS|TAMS 0x0000000593000000, 0x0000000593000000| Complete 
| 807|0x0000000593800000, 0x0000000594000000, 0x0000000594000000|100%| E|CS|TAMS 0x0000000593800000, 0x0000000593800000| Complete 
| 808|0x0000000594000000, 0x0000000594800000, 0x0000000594800000|100%| E|CS|TAMS 0x0000000594000000, 0x0000000594000000| Complete 
| 809|0x0000000594800000, 0x0000000595000000, 0x0000000595000000|100%| E|CS|TAMS 0x0000000594800000, 0x0000000594800000| Complete 

Card table byte_map: [0x0000019cfa640000,0x0000019cfc640000] _byte_map_base: 0x0000019cf8640000

Marking Bits (Prev, Next): (CMBitMap*) 0x0000019ce1661310, (CMBitMap*) 0x0000019ce1661350
 Prev Bits: [0x0000019c80000000, 0x0000019c90000000)
 Next Bits: [0x0000019c90000000, 0x0000019ca0000000)

Polling page: 0x0000019ce1890000

Metaspace:

Usage:
  Non-class:    288.30 MB used.
      Class:     63.81 MB used.
       Both:    352.11 MB used.

Virtual space:
  Non-class space:      320.00 MB reserved,     289.56 MB ( 90%) committed,  5 nodes.
      Class space:        1.00 GB reserved,      64.81 MB (  6%) committed,  1 nodes.
             Both:        1.31 GB reserved,     354.38 MB ( 26%) committed. 

Chunk freelists:
   Non-Class:  14.09 MB
       Class:  15.19 MB
        Both:  29.28 MB

MaxMetaspaceSize: unlimited
CompressedClassSpaceSize: 1.00 GB
Initial GC threshold: 21.00 MB
Current GC threshold: 572.44 MB
CDS: on
MetaspaceReclaimPolicy: balanced
 - commit_granule_bytes: 65536.
 - commit_granule_words: 8192.
 - virtual_space_node_default_size: 8388608.
 - enlarge_chunks_in_place: 1.
 - new_chunks_are_fully_committed: 0.
 - uncommit_free_chunks: 1.
 - use_allocation_guard: 0.
 - handle_deallocations: 1.


Internal statistics:

num_allocs_failed_limit: 27.
num_arena_births: 4086.
num_arena_deaths: 34.
num_vsnodes_births: 6.
num_vsnodes_deaths: 0.
num_space_committed: 5660.
num_space_uncommitted: 0.
num_chunks_returned_to_freelist: 75.
num_chunks_taken_from_freelist: 18514.
num_chunk_merges: 38.
num_chunk_splits: 13262.
num_chunks_enlarged: 10584.
num_inconsistent_stats: 0.

CodeHeap 'non-profiled nmethods': size=119168Kb used=40377Kb max_used=40377Kb free=78790Kb
 bounds [0x0000019cefba0000, 0x0000019cf2320000, 0x0000019cf7000000]
CodeHeap 'profiled nmethods': size=119104Kb used=72694Kb max_used=72694Kb free=46409Kb
 bounds [0x0000019ce8000000, 0x0000019cec700000, 0x0000019cef450000]
CodeHeap 'non-nmethods': size=7488Kb used=5012Kb max_used=5076Kb free=2476Kb
 bounds [0x0000019cef450000, 0x0000019cef960000, 0x0000019cefba0000]
 total_blobs=40666 nmethods=37483 adapters=3087
 compilation: enabled
              stopped_count=0, restarted_count=0
 full_count=0

Compilation events (20 events):
Event: 100.018 Thread 0x0000019caecf92b0 52285       3       it.unimi.dsi.fastutil.longs.AbstractLongList::hashCode (43 bytes)
Event: 100.018 Thread 0x0000019caecf9d50 nmethod 52277 0x0000019cec6f7310 code [0x0000019cec6f7500, 0x0000019cec6f7a18]
Event: 100.019 Thread 0x0000019caecf9d50 52284       3       it.unimi.dsi.fastutil.longs.LongArrayList::listIterator (15 bytes)
Event: 100.019 Thread 0x0000019cffbcca30 nmethod 52278 0x0000019cec6f7c90 code [0x0000019cec6f7ec0, 0x0000019cec6f83a8]
Event: 100.019 Thread 0x0000019cffbcca30 52282       3       it.unimi.dsi.fastutil.longs.LongArrayList$1::nextLong (40 bytes)
Event: 100.019 Thread 0x0000019caecf92b0 nmethod 52285 0x0000019cec6f8610 code [0x0000019cec6f8800, 0x0000019cec6f8e38]
Event: 100.020 Thread 0x0000019caecf9d50 nmethod 52284 0x0000019cec6fa010 code [0x0000019cec6fa1c0, 0x0000019cec6fa528]
Event: 100.020 Thread 0x0000019caecf62e0 nmethod 52279 0x0000019cec6f9010 code [0x0000019cec6f9260, 0x0000019cec6f9bc8]
Event: 100.020 Thread 0x0000019cffbcca30 nmethod 52282 0x0000019cec6fa690 code [0x0000019cec6fa860, 0x0000019cec6fab68]
Event: 100.030 Thread 0x0000019cffbcca30 52287       2       it.unimi.dsi.fastutil.objects.ObjectArraySet::add (98 bytes)
Event: 100.031 Thread 0x0000019cffbcca30 nmethod 52287 0x0000019cec6fad10 code [0x0000019cec6faf00, 0x0000019cec6fb588]
Event: 100.033 Thread 0x0000019caecf9d50 52290       2       com.mojang.serialization.codecs.BaseMapCodec::encode (85 bytes)
Event: 100.035 Thread 0x0000019caecf62e0 52291       3       io.wispforest.endec.Endec$$Lambda$4270/0x0000019d01d05ea0::encode (10 bytes)
Event: 100.035 Thread 0x0000019caecf9d50 nmethod 52290 0x0000019cec6fb810 code [0x0000019cec6fbb20, 0x0000019cec6fc7c8]
Event: 100.035 Thread 0x0000019caecf62e0 nmethod 52291 0x0000019cec6fcf90 code [0x0000019cec6fd160, 0x0000019cec6fd4a8]
Event: 100.036 Thread 0x0000019cffbcca30 52292       2       com.google.common.collect.StandardTable$RowMap$EntrySet::iterator (27 bytes)
Event: 100.036 Thread 0x0000019caecf62e0 52293       2       com.google.common.collect.StandardTable$RowMap$EntrySet$1::<init> (10 bytes)
Event: 100.036 Thread 0x0000019caecf9d50 52294       2       com.google.common.collect.Maps::asMapEntryIterator (15 bytes)
Event: 100.036 Thread 0x0000019caecf92b0 52295       2       com.google.common.collect.Maps$3::<init> (11 bytes)
Event: 100.037 Thread 0x0000019caecf62e0 nmethod 52293 0x0000019cec6fd610 code [0x0000019cec6fd7a0, 0x0000019cec6fd8f8]

GC Heap History (20 events):
Event: 74.694 GC heap after
{Heap after GC invocations=53 (full 0):
 garbage-first heap   total 6635520K, used 2899178K [0x0000000400000000, 0x0000000800000000)
  region size 8192K, 21 young (172032K), 21 survivors (172032K)
 Metaspace       used 329662K, committed 331648K, reserved 1376256K
  class space    used 60808K, committed 61696K, reserved 1048576K
}
Event: 76.515 GC heap before
{Heap before GC invocations=53 (full 0):
 garbage-first heap   total 6635520K, used 5455082K [0x0000000400000000, 0x0000000800000000)
  region size 8192K, 333 young (2727936K), 21 survivors (172032K)
 Metaspace       used 329772K, committed 331712K, reserved 1376256K
  class space    used 60818K, committed 61696K, reserved 1048576K
}
Event: 76.542 GC heap after
{Heap after GC invocations=54 (full 0):
 garbage-first heap   total 6635520K, used 2909230K [0x0000000400000000, 0x0000000800000000)
  region size 8192K, 22 young (180224K), 22 survivors (180224K)
 Metaspace       used 329772K, committed 331712K, reserved 1376256K
  class space    used 60818K, committed 61696K, reserved 1048576K
}
Event: 78.113 GC heap before
{Heap before GC invocations=54 (full 0):
 garbage-first heap   total 6635520K, used 5547054K [0x0000000400000000, 0x0000000800000000)
  region size 8192K, 344 young (2818048K), 22 survivors (180224K)
 Metaspace       used 329965K, committed 331904K, reserved 1376256K
  class space    used 60842K, committed 61696K, reserved 1048576K
}
Event: 78.141 GC heap after
{Heap after GC invocations=55 (full 0):
 garbage-first heap   total 6635520K, used 2910566K [0x0000000400000000, 0x0000000800000000)
  region size 8192K, 22 young (180224K), 22 survivors (180224K)
 Metaspace       used 329965K, committed 331904K, reserved 1376256K
  class space    used 60842K, committed 61696K, reserved 1048576K
}
Event: 81.122 GC heap before
{Heap before GC invocations=55 (full 0):
 garbage-first heap   total 6635520K, used 5622118K [0x0000000400000000, 0x0000000800000000)
  region size 8192K, 353 young (2891776K), 22 survivors (180224K)
 Metaspace       used 331921K, committed 333888K, reserved 1376256K
  class space    used 61149K, committed 62016K, reserved 1048576K
}
Event: 81.155 GC heap after
{Heap after GC invocations=56 (full 0):
 garbage-first heap   total 6635520K, used 2924232K [0x0000000400000000, 0x0000000800000000)
  region size 8192K, 24 young (196608K), 24 survivors (196608K)
 Metaspace       used 331921K, committed 333888K, reserved 1376256K
  class space    used 61149K, committed 62016K, reserved 1048576K
}
Event: 83.669 GC heap before
{Heap before GC invocations=56 (full 0):
 garbage-first heap   total 6635520K, used 5676744K [0x0000000400000000, 0x0000000800000000)
  region size 8192K, 360 young (2949120K), 24 survivors (196608K)
 Metaspace       used 331945K, committed 333888K, reserved 1376256K
  class space    used 61150K, committed 62016K, reserved 1048576K
}
Event: 83.699 GC heap after
{Heap after GC invocations=57 (full 0):
 garbage-first heap   total 6635520K, used 2924620K [0x0000000400000000, 0x0000000800000000)
  region size 8192K, 24 young (196608K), 24 survivors (196608K)
 Metaspace       used 331945K, committed 333888K, reserved 1376256K
  class space    used 61150K, committed 62016K, reserved 1048576K
}
Event: 88.817 GC heap before
{Heap before GC invocations=57 (full 0):
 garbage-first heap   total 6635520K, used 5734476K [0x0000000400000000, 0x0000000800000000)
  region size 8192K, 367 young (3006464K), 24 survivors (196608K)
 Metaspace       used 337626K, committed 339776K, reserved 1376256K
  class space    used 62010K, committed 62976K, reserved 1048576K
}
Event: 88.862 GC heap after
{Heap after GC invocations=58 (full 0):
 garbage-first heap   total 6635520K, used 2973879K [0x0000000400000000, 0x0000000800000000)
  region size 8192K, 30 young (245760K), 30 survivors (245760K)
 Metaspace       used 337626K, committed 339776K, reserved 1376256K
  class space    used 62010K, committed 62976K, reserved 1048576K
}
Event: 91.799 GC heap before
{Heap before GC invocations=58 (full 0):
 garbage-first heap   total 6635520K, used 5710007K [0x0000000400000000, 0x0000000800000000)
  region size 8192K, 365 young (2990080K), 30 survivors (245760K)
 Metaspace       used 340063K, committed 342208K, reserved 1376256K
  class space    used 62347K, committed 63360K, reserved 1048576K
}
Event: 91.957 GC heap after
{Heap after GC invocations=59 (full 0):
 garbage-first heap   total 6635520K, used 3426950K [0x0000000400000000, 0x0000000800000000)
  region size 8192K, 46 young (376832K), 46 survivors (376832K)
 Metaspace       used 340063K, committed 342208K, reserved 1376256K
  class space    used 62347K, committed 63360K, reserved 1048576K
}
Event: 95.790 GC heap before
{Heap before GC invocations=59 (full 0):
 garbage-first heap   total 6635520K, used 5548678K [0x0000000400000000, 0x0000000800000000)
  region size 8192K, 305 young (2498560K), 46 survivors (376832K)
 Metaspace       used 348269K, committed 350464K, reserved 1376256K
  class space    used 63459K, committed 64448K, reserved 1048576K
}
Event: 95.841 GC heap after
{Heap after GC invocations=60 (full 0):
 garbage-first heap   total 6635520K, used 3344826K [0x0000000400000000, 0x0000000800000000)
  region size 8192K, 10 young (81920K), 10 survivors (81920K)
 Metaspace       used 348269K, committed 350464K, reserved 1376256K
  class space    used 63459K, committed 64448K, reserved 1048576K
}
Event: 98.600 GC heap before
{Heap before GC invocations=61 (full 0):
 garbage-first heap   total 6635520K, used 5433786K [0x0000000400000000, 0x0000000800000000)
  region size 8192K, 282 young (2310144K), 10 survivors (81920K)
 Metaspace       used 357169K, committed 359360K, reserved 1376256K
  class space    used 64869K, committed 65856K, reserved 1048576K
}
Event: 98.630 GC heap after
{Heap after GC invocations=62 (full 0):
 garbage-first heap   total 6635520K, used 3306509K [0x0000000400000000, 0x0000000800000000)
  region size 8192K, 21 young (172032K), 21 survivors (172032K)
 Metaspace       used 357169K, committed 359360K, reserved 1376256K
  class space    used 64869K, committed 65856K, reserved 1048576K
}
Event: 98.778 GC heap before
{Heap before GC invocations=62 (full 0):
 garbage-first heap   total 6635520K, used 3453965K [0x0000000400000000, 0x0000000800000000)
  region size 8192K, 40 young (327680K), 21 survivors (172032K)
 Metaspace       used 357423K, committed 359552K, reserved 1376256K
  class space    used 64894K, committed 65856K, reserved 1048576K
}
Event: 98.833 GC heap after
{Heap after GC invocations=63 (full 0):
 garbage-first heap   total 6635520K, used 2879811K [0x0000000400000000, 0x0000000800000000)
  region size 8192K, 4 young (32768K), 4 survivors (32768K)
 Metaspace       used 357423K, committed 359552K, reserved 1376256K
  class space    used 64894K, committed 65856K, reserved 1048576K
}
Event: 100.037 GC heap before
{Heap before GC invocations=63 (full 0):
 garbage-first heap   total 6635520K, used 3453251K [0x0000000400000000, 0x0000000800000000)
  region size 8192K, 76 young (622592K), 4 survivors (32768K)
 Metaspace       used 360556K, committed 362880K, reserved 1376256K
  class space    used 65338K, committed 66368K, reserved 1048576K
}

Dll operation events (20 events):
Event: 0.012 Loaded shared library C:\Users\Bomm\AppData\Roaming\ModrinthApp\meta\java_versions\zulu17.62.17-ca-jre17.0.17-win_x64\bin\jsvml.dll
Event: 0.050 Loaded shared library C:\Users\Bomm\AppData\Roaming\ModrinthApp\meta\java_versions\zulu17.62.17-ca-jre17.0.17-win_x64\bin\zip.dll
Event: 0.051 Loaded shared library C:\Users\Bomm\AppData\Roaming\ModrinthApp\meta\java_versions\zulu17.62.17-ca-jre17.0.17-win_x64\bin\instrument.dll
Event: 0.052 Loaded shared library C:\Users\Bomm\AppData\Roaming\ModrinthApp\meta\java_versions\zulu17.62.17-ca-jre17.0.17-win_x64\bin\net.dll
Event: 0.053 Loaded shared library C:\Users\Bomm\AppData\Roaming\ModrinthApp\meta\java_versions\zulu17.62.17-ca-jre17.0.17-win_x64\bin\nio.dll
Event: 0.055 Loaded shared library C:\Users\Bomm\AppData\Roaming\ModrinthApp\meta\java_versions\zulu17.62.17-ca-jre17.0.17-win_x64\bin\zip.dll
Event: 0.071 Loaded shared library C:\Users\Bomm\AppData\Roaming\ModrinthApp\meta\java_versions\zulu17.62.17-ca-jre17.0.17-win_x64\bin\jimage.dll
Event: 0.088 Loaded shared library C:\Users\Bomm\AppData\Roaming\ModrinthApp\meta\java_versions\zulu17.62.17-ca-jre17.0.17-win_x64\bin\extnet.dll
Event: 0.522 Loaded shared library C:\Users\Bomm\AppData\Roaming\ModrinthApp\meta\java_versions\zulu17.62.17-ca-jre17.0.17-win_x64\bin\management.dll
Event: 0.523 Loaded shared library C:\Users\Bomm\AppData\Roaming\ModrinthApp\meta\java_versions\zulu17.62.17-ca-jre17.0.17-win_x64\bin\management_ext.dll
Event: 0.692 Loaded shared library C:\Users\Bomm\AppData\Roaming\ModrinthApp\meta\java_versions\zulu17.62.17-ca-jre17.0.17-win_x64\bin\verify.dll
Event: 3.806 Loaded shared library C:\Users\Bomm\AppData\Roaming\ModrinthApp\meta\natives\1.20.1-0.19.2\lwjgl.dll
Event: 4.458 Loaded shared library C:\Users\Bomm\AppData\Roaming\ModrinthApp\meta\natives\1.20.1-0.19.2\jna1322054341895002952.dll
Event: 14.566 Loaded shared library C:\Users\Bomm\AppData\Roaming\ModrinthApp\meta\java_versions\zulu17.62.17-ca-jre17.0.17-win_x64\bin\sunmscapi.dll
Event: 15.613 Loaded shared library C:\Users\Bomm\AppData\Roaming\ModrinthApp\meta\java_versions\zulu17.62.17-ca-jre17.0.17-win_x64\bin\awt.dll
Event: 33.388 Loaded shared library C:\Users\Bomm\AppData\Local\Temp\libzstd-jni_dh-1.5.7-617693481012877880572.dll
Event: 33.664 Loaded shared library C:\Users\Bomm\AppData\Local\Temp\sqlite-3.47.2.0-ac6302b2-d649-4e62-94d8-be0fb51578d9-sqlitejdbc.dll
Event: 36.401 Loaded shared library C:\Users\Bomm\AppData\Roaming\ModrinthApp\meta\natives\1.20.1-0.19.2\lwjgl_opengl.dll
Event: 36.483 Loaded shared library C:\Users\Bomm\AppData\Roaming\ModrinthApp\meta\natives\1.20.1-0.19.2\lwjgl_stb.dll
Event: 42.610 Loaded shared library C:\Users\Bomm\AppData\Roaming\ModrinthApp\meta\java_versions\zulu17.62.17-ca-jre17.0.17-win_x64\bin\jsound.dll

Deoptimization events (20 events):
Event: 99.918 Thread 0x0000019e559f61b0 Uncommon trap: trap_request=0xffffffc6 fr.pc=0x0000019cf1df82fc relative=0x000000000000039c
Event: 99.919 Thread 0x0000019e559f61b0 Uncommon trap: reason=bimorphic_or_optimized_type_check action=maybe_recompile pc=0x0000019cf1df82fc method=java.util.stream.IntPipeline.forEachWithCancel(Ljava/util/Spliterator;Ljava/util/stream/Sink;)Z @ 12 c2
Event: 99.919 Thread 0x0000019e559f61b0 DEOPT PACKING pc=0x0000019cf1df82fc sp=0x00000088132fec20
Event: 99.919 Thread 0x0000019e559f61b0 DEOPT UNPACKING pc=0x0000019cef4a69a3 sp=0x00000088132feba0 mode 2
Event: 99.929 Thread 0x0000019ce15ed290 Uncommon trap: trap_request=0xffffff6e fr.pc=0x0000019cf04e873c relative=0x000000000000019c
Event: 99.929 Thread 0x0000019ce15ed290 Uncommon trap: reason=loop_limit_check action=maybe_recompile pc=0x0000019cf04e873c method=it.unimi.dsi.fastutil.ints.Int2ObjectArrayMap.get(I)Ljava/lang/Object; @ 14 c2
Event: 99.929 Thread 0x0000019ce15ed290 DEOPT PACKING pc=0x0000019cf04e873c sp=0x0000008807ffd910
Event: 99.929 Thread 0x0000019ce15ed290 DEOPT UNPACKING pc=0x0000019cef4a69a3 sp=0x0000008807ffd8b0 mode 2
Event: 99.936 Thread 0x0000019caa4cd970 DEOPT PACKING pc=0x0000019ce83a8b40 sp=0x00000088158feb30
Event: 99.936 Thread 0x0000019caa4cd970 DEOPT UNPACKING pc=0x0000019cef4a7143 sp=0x00000088158fdfe0 mode 0
Event: 99.946 Thread 0x0000019e559f61b0 DEOPT PACKING pc=0x0000019ceb7b0c28 sp=0x00000088132fe9d0
Event: 99.947 Thread 0x0000019e559f61b0 DEOPT UNPACKING pc=0x0000019cef4a7143 sp=0x00000088132fdee0 mode 0
Event: 99.960 Thread 0x0000019caaa8e6d0 Uncommon trap: trap_request=0xffffffde fr.pc=0x0000019cf225a7cc relative=0x000000000000018c
Event: 99.960 Thread 0x0000019caaa8e6d0 Uncommon trap: reason=class_check action=maybe_recompile pc=0x0000019cf225a7cc method=net.minecraft.class_3900.method_17619(Lnet/minecraft/class_3906;Lcom/mojang/datafixers/util/Either;)Ljava/util/concurrent/CompletableFuture; @ 17 c2
Event: 99.960 Thread 0x0000019caaa8e6d0 DEOPT PACKING pc=0x0000019cf225a7cc sp=0x00000088121fed40
Event: 99.960 Thread 0x0000019caaa8e6d0 DEOPT UNPACKING pc=0x0000019cef4a69a3 sp=0x00000088121fec78 mode 2
Event: 99.973 Thread 0x0000019e76b097b0 DEOPT PACKING pc=0x0000019ce83a8b40 sp=0x0000008815afec10
Event: 99.973 Thread 0x0000019e76b097b0 DEOPT UNPACKING pc=0x0000019cef4a7143 sp=0x0000008815afe0c0 mode 0
Event: 100.013 Thread 0x0000019e76b097b0 DEOPT PACKING pc=0x0000019ce83a8b40 sp=0x0000008815afeb90
Event: 100.013 Thread 0x0000019e76b097b0 DEOPT UNPACKING pc=0x0000019cef4a7143 sp=0x0000008815afe040 mode 0

Classes loaded (20 events):
Event: 97.095 Loading class java/util/stream/DoublePipeline$Head
Event: 97.095 Loading class java/util/stream/DoublePipeline$Head done
Event: 97.096 Loading class java/util/stream/DoublePipeline$2
Event: 97.096 Loading class java/util/stream/DoublePipeline$2 done
Event: 97.096 Loading class java/util/stream/FindOps$FindSink$OfDouble
Event: 97.097 Loading class java/util/stream/FindOps$FindSink$OfDouble done
Event: 97.098 Loading class java/util/stream/DoublePipeline$2$1
Event: 97.098 Loading class java/util/stream/Sink$ChainedDouble
Event: 97.098 Loading class java/util/stream/Sink$ChainedDouble done
Event: 97.098 Loading class java/util/stream/DoublePipeline$2$1 done
Event: 98.596 Loading class java/util/stream/IntStream$2
Event: 98.596 Loading class java/util/Spliterators$AbstractIntSpliterator
Event: 98.596 Loading class java/util/Spliterators$AbstractIntSpliterator done
Event: 98.596 Loading class java/util/stream/IntStream$2 done
Event: 98.668 Loading class java/util/BitSet$1BitSetSpliterator
Event: 98.668 Loading class java/util/BitSet$1BitSetSpliterator done
Event: 99.037 Loading class java/util/Spliterators$LongIteratorSpliterator
Event: 99.037 Loading class java/util/Spliterators$LongIteratorSpliterator done
Event: 99.884 Loading class java/util/concurrent/atomic/Striped64$Cell
Event: 99.884 Loading class java/util/concurrent/atomic/Striped64$Cell done

Classes unloaded (17 events):
Event: 39.614 Thread 0x0000019cffb9dfd0 Unloading class 0x0000019d028d9800 'Scripts'
Event: 96.347 Thread 0x0000019cffb9dfd0 Unloading class 0x0000019d04bc0000 'Scripts'
Event: 96.347 Thread 0x0000019cffb9dfd0 Unloading class 0x0000019d0475e000 'java/lang/invoke/LambdaForm$MH+0x0000019d0475e000'
Event: 96.347 Thread 0x0000019cffb9dfd0 Unloading class 0x0000019d0475dc00 'java/lang/invoke/LambdaForm$MH+0x0000019d0475dc00'
Event: 96.347 Thread 0x0000019cffb9dfd0 Unloading class 0x0000019d0475d400 'java/lang/invoke/LambdaForm$DMH+0x0000019d0475d400'
Event: 96.347 Thread 0x0000019cffb9dfd0 Unloading class 0x0000019d0475cc00 'java/lang/invoke/LambdaForm$DMH+0x0000019d0475cc00'
Event: 96.347 Thread 0x0000019cffb9dfd0 Unloading class 0x0000019d0475c800 'java/lang/invoke/LambdaForm$DMH+0x0000019d0475c800'
Event: 96.347 Thread 0x0000019cffb9dfd0 Unloading class 0x0000019d0475c400 'java/lang/invoke/LambdaForm$DMH+0x0000019d0475c400'
Event: 96.347 Thread 0x0000019cffb9dfd0 Unloading class 0x0000019d045a0400 'java/lang/invoke/LambdaForm$DMH+0x0000019d045a0400'
Event: 96.347 Thread 0x0000019cffb9dfd0 Unloading class 0x0000019d045a0000 'java/lang/invoke/LambdaForm$DMH+0x0000019d045a0000'
Event: 96.347 Thread 0x0000019cffb9dfd0 Unloading class 0x0000019d0459ec00 'java/lang/invoke/LambdaForm$DMH+0x0000019d0459ec00'
Event: 96.347 Thread 0x0000019cffb9dfd0 Unloading class 0x0000019d0459e400 'java/lang/invoke/LambdaForm$MH+0x0000019d0459e400'
Event: 96.347 Thread 0x0000019cffb9dfd0 Unloading class 0x0000019d0459e000 'java/lang/invoke/LambdaForm$MH+0x0000019d0459e000'
Event: 96.347 Thread 0x0000019cffb9dfd0 Unloading class 0x0000019d0459d800 'java/lang/invoke/LambdaForm$DMH+0x0000019d0459d800'
Event: 96.347 Thread 0x0000019cffb9dfd0 Unloading class 0x0000019d0459cc00 'java/lang/invoke/LambdaForm$DMH+0x0000019d0459cc00'
Event: 96.347 Thread 0x0000019cffb9dfd0 Unloading class 0x0000019d0459c800 'java/lang/invoke/LambdaForm$DMH+0x0000019d0459c800'
Event: 96.347 Thread 0x0000019cffb9dfd0 Unloading class 0x0000019d0459c400 'java/lang/invoke/LambdaForm$DMH+0x0000019d0459c400'

Classes redefined (0 events):
No events

Internal exceptions (20 events):
Event: 99.458 Thread 0x0000019e559f61b0 Exception <a 'java/lang/NoSuchMethodError'{0x000000057f763ed0}: 'java.lang.Object java.lang.invoke.Invokers$Holder.linkToTargetMethod(java.lang.Object, int, float, java.lang.Object)'> (0x000000057f763ed0) 
thrown [s\src\hotspot\share\interpreter\linkResolver.cpp, line 759]
Event: 99.546 Thread 0x0000019e559f61b0 Implicit null exception at 0x0000019cf1f6ed65 to 0x0000019cf1f6f0e4
Event: 99.570 Thread 0x0000019e559f61b0 Exception <a 'java/lang/NoSuchMethodError'{0x000000057be410f0}: 'double java.lang.invoke.DirectMethodHandle$Holder.invokeVirtual(java.lang.Object, java.lang.Object, java.lang.Object)'> (0x000000057be410f0) 
thrown [s\src\hotspot\share\interpreter\linkResolver.cpp, line 759]
Event: 99.590 Thread 0x0000019e559f61b0 Exception <a 'java/lang/NoSuchMethodError'{0x000000057beaa978}: 'java.lang.Object java.lang.invoke.DirectMethodHandle$Holder.newInvokeSpecial(java.lang.Object, java.lang.Object, java.lang.Object, long)'> (0x000000057beaa978) 
thrown [s\src\hotspot\share\interpreter\linkResolver.cpp, line 759]
Event: 99.590 Thread 0x0000019e559f61b0 Exception <a 'java/lang/NoSuchMethodError'{0x000000057beae510}: 'java.lang.Object java.lang.invoke.Invokers$Holder.linkToTargetMethod(java.lang.Object, java.lang.Object, long, java.lang.Object)'> (0x000000057beae510) 
thrown [s\src\hotspot\share\interpreter\linkResolver.cpp, line 759]
Event: 99.592 Thread 0x0000019e559f61b0 Exception <a 'java/lang/NoSuchMethodError'{0x000000057bebb658}: 'java.lang.Object java.lang.invoke.DirectMethodHandle$Holder.newInvokeSpecial(java.lang.Object, int, java.lang.Object, java.lang.Object, java.lang.Object, java.lang.Object, java.lang.Object)'> (0x000000057bebb658) 
thrown [s\src\hotspot\share\interpreter\linkResolver.cpp, line 759]
Event: 99.592 Thread 0x0000019e559f61b0 Exception <a 'java/lang/NoSuchMethodError'{0x000000057bec0218}: 'java.lang.Object java.lang.invoke.DirectMethodHandle$Holder.invokeSpecial(java.lang.Object, java.lang.Object, int, java.lang.Object, java.lang.Object, java.lang.Object, java.lang.Object, java.lang.Object)'> (0x000000057bec0218) 
thrown [s\src\hotspot\share\interpreter\linkResolver.cpp, line 759]
Event: 99.609 Thread 0x0000019e559f61b0 Exception <a 'java/lang/NoSuchMethodError'{0x000000057bf11670}: 'java.lang.Object java.lang.invoke.Invokers$Holder.linkToTargetMethod(java.lang.Object, java.lang.Object, java.lang.Object, float, java.lang.Object, java.lang.Object, java.lang.Object)'> (0x000000057bf11670) 
thrown [s\src\hotspot\share\interpreter\linkResolver.cpp, line 759]
Event: 99.617 Thread 0x0000019e559f61b0 Exception <a 'java/lang/NoSuchMethodError'{0x000000057bf3d2a8}: 'java.lang.Object java.lang.invoke.DirectMethodHandle$Holder.newInvokeSpecial(java.lang.Object, int, int, int, int, int, int, int)'> (0x000000057bf3d2a8) 
thrown [s\src\hotspot\share\interpreter\linkResolver.cpp, line 759]
Event: 99.631 Thread 0x0000019e559f61b0 Exception <a 'java/lang/NoSuchMethodError'{0x000000057bf7e470}: 'java.lang.Object java.lang.invoke.DirectMethodHandle$Holder.invokeSpecial(java.lang.Object, java.lang.Object, java.lang.Object, java.lang.Object, java.lang.Object, float)'> (0x000000057bf7e470) 
thrown [s\src\hotspot\share\interpreter\linkResolver.cpp, line 759]
Event: 99.631 Thread 0x0000019e559f61b0 Exception <a 'java/lang/NoSuchMethodError'{0x000000057bf81f10}: 'java.lang.Object java.lang.invoke.Invokers$Holder.linkToTargetMethod(java.lang.Object, java.lang.Object, java.lang.Object, float, java.lang.Object)'> (0x000000057bf81f10) 
thrown [s\src\hotspot\share\interpreter\linkResolver.cpp, line 759]
Event: 99.661 Thread 0x0000019e559f61b0 Exception <a 'java/lang/IncompatibleClassChangeError'{0x000000057bfdd400}: Found class java.lang.Object, but interface was expected> (0x000000057bfdd400) 
thrown [s\src\hotspot\share\interpreter\linkResolver.cpp, line 826]
Event: 99.847 Thread 0x0000019e559f61b0 Exception <a 'java/lang/NoSuchMethodError'{0x0000000574c041e8}: 'java.lang.Object java.lang.invoke.DirectMethodHandle$Holder.newInvokeSpecial(java.lang.Object, java.lang.Object, java.lang.Object, java.lang.Object, double)'> (0x0000000574c041e8) 
thrown [s\src\hotspot\share\interpreter\linkResolver.cpp, line 759]
Event: 99.848 Thread 0x0000019e559f61b0 Exception <a 'java/lang/NoSuchMethodError'{0x0000000574c08438}: 'java.lang.Object java.lang.invoke.DirectMethodHandle$Holder.invokeSpecial(java.lang.Object, java.lang.Object, java.lang.Object, java.lang.Object, java.lang.Object, double)'> (0x0000000574c08438) 
thrown [s\src\hotspot\share\interpreter\linkResolver.cpp, line 759]
Event: 99.848 Thread 0x0000019e559f61b0 Exception <a 'java/lang/NoSuchMethodError'{0x0000000574c0c0d8}: 'java.lang.Object java.lang.invoke.Invokers$Holder.linkToTargetMethod(java.lang.Object, java.lang.Object, java.lang.Object, double, java.lang.Object)'> (0x0000000574c0c0d8) 
thrown [s\src\hotspot\share\interpreter\linkResolver.cpp, line 759]
Event: 99.857 Thread 0x0000019e559f61b0 Exception <a 'java/lang/NoSuchMethodError'{0x0000000574c2a9d8}: 'java.lang.Object java.lang.invoke.DirectMethodHandle$Holder.invokeSpecial(java.lang.Object, java.lang.Object, java.lang.Object, double)'> (0x0000000574c2a9d8) 
thrown [s\src\hotspot\share\interpreter\linkResolver.cpp, line 759]
Event: 99.858 Thread 0x0000019e559f61b0 Exception <a 'java/lang/NoSuchMethodError'{0x0000000574c2e000}: 'java.lang.Object java.lang.invoke.Invokers$Holder.linkToTargetMethod(java.lang.Object, double, java.lang.Object)'> (0x0000000574c2e000) 
thrown [s\src\hotspot\share\interpreter\linkResolver.cpp, line 759]
Event: 99.880 Thread 0x0000019e559f61b0 Exception <a 'java/lang/NoSuchMethodError'{0x0000000574ebba30}: 'java.lang.Object java.lang.invoke.DirectMethodHandle$Holder.invokeStatic(java.lang.Object, java.lang.Object, long, long)'> (0x0000000574ebba30) 
thrown [s\src\hotspot\share\interpreter\linkResolver.cpp, line 759]
Event: 100.012 Thread 0x0000019e559f61b0 Exception <a 'java/lang/NoSuchMethodError'{0x000000056fea4d28}: 'float java.lang.invoke.DirectMethodHandle$Holder.invokeStaticInit(java.lang.Object, java.lang.Object, java.lang.Object, int)'> (0x000000056fea4d28) 
thrown [s\src\hotspot\share\interpreter\linkResolver.cpp, line 759]
Event: 100.033 Thread 0x0000019ce15ed290 Exception <a 'java/lang/NoSuchMethodError'{0x000000056fcf9dc0}: 'java.lang.Object java.lang.invoke.DirectMethodHandle$Holder.invokeSpecial(java.lang.Object, java.lang.Object, float, int, int)'> (0x000000056fcf9dc0) 
thrown [s\src\hotspot\share\interpreter\linkResolver.cpp, line 759]

VM Operations (20 events):
Event: 99.478 Executing VM operation: ICBufferFull done
Event: 99.506 Executing VM operation: HandshakeAllThreads
Event: 99.506 Executing VM operation: HandshakeAllThreads done
Event: 99.509 Executing VM operation: HandshakeAllThreads
Event: 99.510 Executing VM operation: HandshakeAllThreads done
Event: 99.693 Executing VM operation: ICBufferFull
Event: 99.693 Executing VM operation: ICBufferFull done
Event: 99.789 Executing VM operation: ICBufferFull
Event: 99.793 Executing VM operation: ICBufferFull done
Event: 99.821 Executing VM operation: HandshakeAllThreads
Event: 99.822 Executing VM operation: HandshakeAllThreads done
Event: 100.006 Executing VM operation: HandshakeAllThreads
Event: 100.006 Executing VM operation: HandshakeAllThreads done
Event: 100.018 Executing VM operation: HandshakeAllThreads
Event: 100.018 Executing VM operation: HandshakeAllThreads done
Event: 100.026 Executing VM operation: HandshakeAllThreads
Event: 100.026 Executing VM operation: HandshakeAllThreads done
Event: 100.029 Executing VM operation: HandshakeAllThreads
Event: 100.030 Executing VM operation: HandshakeAllThreads done
Event: 100.036 Executing VM operation: G1CollectFull

Memory protections (0 events):
No events

Nmethod flushes (20 events):
Event: 99.366 Thread 0x0000019cffbdf360 flushing  nmethod 0x0000019cec320d90
Event: 99.366 Thread 0x0000019cffbdf360 flushing  nmethod 0x0000019cec321410
Event: 99.366 Thread 0x0000019cffbdf360 flushing  nmethod 0x0000019cec321d10
Event: 99.366 Thread 0x0000019cffbdf360 flushing  nmethod 0x0000019cec322690
Event: 99.366 Thread 0x0000019cffbdf360 flushing  nmethod 0x0000019cec324710
Event: 99.366 Thread 0x0000019cffbdf360 flushing  nmethod 0x0000019cec326f10
Event: 99.366 Thread 0x0000019cffbdf360 flushing  nmethod 0x0000019cec327810
Event: 99.366 Thread 0x0000019cffbdf360 flushing  nmethod 0x0000019cec327f10
Event: 99.366 Thread 0x0000019cffbdf360 flushing  nmethod 0x0000019cec329b90
Event: 99.366 Thread 0x0000019cffbdf360 flushing  nmethod 0x0000019cec32c010
Event: 99.366 Thread 0x0000019cffbdf360 flushing  nmethod 0x0000019cec32e510
Event: 99.366 Thread 0x0000019cffbdf360 flushing  nmethod 0x0000019cec32f210
Event: 99.366 Thread 0x0000019cffbdf360 flushing  nmethod 0x0000019cec335190
Event: 99.366 Thread 0x0000019cffbdf360 flushing  nmethod 0x0000019cec33e010
Event: 99.366 Thread 0x0000019cffbdf360 flushing  nmethod 0x0000019cec33e390
Event: 99.366 Thread 0x0000019cffbdf360 flushing  nmethod 0x0000019cec33f110
Event: 99.366 Thread 0x0000019cffbdf360 flushing  nmethod 0x0000019cec33fa10
Event: 99.366 Thread 0x0000019cffbdf360 flushing  nmethod 0x0000019cec344990
Event: 99.366 Thread 0x0000019cffbdf360 flushing  nmethod 0x0000019cec345890
Event: 99.366 Thread 0x0000019cffbdf360 flushing  nmethod 0x0000019cec346210

Events (20 events):
Event: 95.161 Thread 0x0000019ce15ed290 Thread added: 0x0000019da32fb6b0
Event: 95.177 Thread 0x0000019ce15ed290 Thread added: 0x0000019ed4c32be0
Event: 95.191 Thread 0x0000019da32fb6b0 Thread added: 0x0000019eaea99e90
Event: 95.690 Thread 0x0000019e77c6b780 Thread added: 0x0000019d9f3cab50
Event: 96.219 Thread 0x0000019d4edc8590 Thread exited: 0x0000019d4edc8590
Event: 96.220 Thread 0x0000019ce15ed290 Thread added: 0x0000019ed4c33b10
Event: 96.412 Thread 0x0000019da148f060 Thread added: 0x0000019e76c079d0
Event: 96.459 Thread 0x0000019da148f060 Thread added: 0x0000019ed4c321c0
Event: 96.482 Thread 0x0000019da148f060 Thread added: 0x0000019ed4c326d0
Event: 96.484 Thread 0x0000019da148f060 Thread added: 0x0000019ed4c33600
Event: 96.538 Thread 0x0000019e559f61b0 Thread added: 0x0000019da14909b0
Event: 97.374 Thread 0x0000019d4fc371d0 Thread exited: 0x0000019d4fc371d0
Event: 97.387 Thread 0x0000019d4fc38100 Thread exited: 0x0000019d4fc38100
Event: 98.113 Thread 0x0000019d50d91a50 Thread exited: 0x0000019d50d91a50
Event: 98.128 Thread 0x0000019d50d91030 Thread exited: 0x0000019d50d91030
Event: 98.134 Thread 0x0000019d50d8ecc0 Thread exited: 0x0000019d50d8ecc0
Event: 98.158 Thread 0x0000019d50d90b20 Thread exited: 0x0000019d50d90b20
Event: 98.166 Thread 0x0000019d50d8d370 Thread exited: 0x0000019d50d8d370
Event: 98.313 Thread 0x0000019d4d49aa60 Thread exited: 0x0000019d4d49aa60
Event: 98.359 Thread 0x0000019d4d4986f0 Thread exited: 0x0000019d4d4986f0


Dynamic libraries:
0x00007ff621150000 - 0x00007ff62115e000 	C:\Users\Bomm\AppData\Roaming\ModrinthApp\meta\java_versions\zulu17.62.17-ca-jre17.0.17-win_x64\bin\javaw.exe
0x00007ffd5bac0000 - 0x00007ffd5bd27000 	C:\WINDOWS\SYSTEM32\ntdll.dll
0x00007ffd59cc0000 - 0x00007ffd59d89000 	C:\WINDOWS\System32\KERNEL32.DLL
0x00007ffd59460000 - 0x00007ffd5984f000 	C:\WINDOWS\System32\KERNELBASE.dll
0x00007ffd55d90000 - 0x00007ffd55e2f000 	C:\WINDOWS\SYSTEM32\apphelp.dll
0x00007ffd58fb0000 - 0x00007ffd590fb000 	C:\WINDOWS\System32\ucrtbase.dll
0x00007ffd04e10000 - 0x00007ffd04e2e000 	C:\Users\Bomm\AppData\Roaming\ModrinthApp\meta\java_versions\zulu17.62.17-ca-jre17.0.17-win_x64\bin\VCRUNTIME140.dll
0x00007ffd05000000 - 0x00007ffd05019000 	C:\Users\Bomm\AppData\Roaming\ModrinthApp\meta\java_versions\zulu17.62.17-ca-jre17.0.17-win_x64\bin\jli.dll
0x00007ffd5a410000 - 0x00007ffd5a5d5000 	C:\WINDOWS\System32\USER32.dll
0x00007ffd58e30000 - 0x00007ffd58e57000 	C:\WINDOWS\System32\win32u.dll
0x00007ffd3f640000 - 0x00007ffd3f8d3000 	C:\WINDOWS\WinSxS\amd64_microsoft.windows.common-controls_6595b64144ccf1df_6.0.26100.7309_none_3e05feeae336a044\COMCTL32.dll
0x00007ffd59e40000 - 0x00007ffd59e6b000 	C:\WINDOWS\System32\GDI32.dll
0x00007ffd59ef0000 - 0x00007ffd59f99000 	C:\WINDOWS\System32\msvcrt.dll
0x00007ffd591b0000 - 0x00007ffd592dc000 	C:\WINDOWS\System32\gdi32full.dll
0x00007ffd59100000 - 0x00007ffd591a3000 	C:\WINDOWS\System32\msvcp_win.dll
0x00007ffd59e00000 - 0x00007ffd59e31000 	C:\WINDOWS\System32\IMM32.DLL
0x00007ffd38f90000 - 0x00007ffd38f9c000 	C:\Users\Bomm\AppData\Roaming\ModrinthApp\meta\java_versions\zulu17.62.17-ca-jre17.0.17-win_x64\bin\vcruntime140_1.dll
0x00007ffc7fe60000 - 0x00007ffc7feed000 	C:\Users\Bomm\AppData\Roaming\ModrinthApp\meta\java_versions\zulu17.62.17-ca-jre17.0.17-win_x64\bin\msvcp140.dll
0x00007ffc233d0000 - 0x00007ffc24044000 	C:\Users\Bomm\AppData\Roaming\ModrinthApp\meta\java_versions\zulu17.62.17-ca-jre17.0.17-win_x64\bin\server\jvm.dll
0x00007ffd5a050000 - 0x00007ffd5a104000 	C:\WINDOWS\System32\ADVAPI32.dll
0x00007ffd59fa0000 - 0x00007ffd5a046000 	C:\WINDOWS\System32\sechost.dll
0x00007ffd5ab00000 - 0x00007ffd5ac18000 	C:\WINDOWS\System32\RPCRT4.dll
0x00007ffd59e70000 - 0x00007ffd59ee4000 	C:\WINDOWS\System32\WS2_32.dll
0x00007ffd58800000 - 0x00007ffd5885e000 	C:\WINDOWS\SYSTEM32\POWRPROF.dll
0x00007ffd52ec0000 - 0x00007ffd52ecb000 	C:\WINDOWS\SYSTEM32\VERSION.dll
0x00007ffd4c270000 - 0x00007ffd4c2a5000 	C:\WINDOWS\SYSTEM32\WINMM.dll
0x00007ffd585e0000 - 0x00007ffd585f4000 	C:\WINDOWS\SYSTEM32\UMPDC.dll
0x00007ffd57990000 - 0x00007ffd579ab000 	C:\WINDOWS\SYSTEM32\kernel.appcore.dll
0x00007ffd37730000 - 0x00007ffd3773a000 	C:\Users\Bomm\AppData\Roaming\ModrinthApp\meta\java_versions\zulu17.62.17-ca-jre17.0.17-win_x64\bin\jimage.dll
0x00007ffd42fe0000 - 0x00007ffd43222000 	C:\WINDOWS\SYSTEM32\DBGHELP.DLL
0x00007ffd59920000 - 0x00007ffd59ca6000 	C:\WINDOWS\System32\combase.dll
0x00007ffd5a110000 - 0x00007ffd5a1e6000 	C:\WINDOWS\System32\OLEAUT32.dll
0x00007ffd29bd0000 - 0x00007ffd29c0c000 	C:\WINDOWS\SYSTEM32\dbgcore.DLL
0x00007ffd58c10000 - 0x00007ffd58cb5000 	C:\WINDOWS\System32\bcryptPrimitives.dll
0x00007ffd35ba0000 - 0x00007ffd35bae000 	C:\Users\Bomm\AppData\Roaming\ModrinthApp\meta\java_versions\zulu17.62.17-ca-jre17.0.17-win_x64\bin\instrument.dll
0x00007ffd045e0000 - 0x00007ffd04605000 	C:\Users\Bomm\AppData\Roaming\ModrinthApp\meta\java_versions\zulu17.62.17-ca-jre17.0.17-win_x64\bin\java.dll
0x00007ffc5a060000 - 0x00007ffc5a137000 	C:\Users\Bomm\AppData\Roaming\ModrinthApp\meta\java_versions\zulu17.62.17-ca-jre17.0.17-win_x64\bin\jsvml.dll
0x00007ffd5b320000 - 0x00007ffd5ba73000 	C:\WINDOWS\System32\SHELL32.dll
0x00007ffd58cc0000 - 0x00007ffd58e2a000 	C:\WINDOWS\System32\wintypes.dll
0x00007ffd567f0000 - 0x00007ffd5704e000 	C:\WINDOWS\SYSTEM32\windows.storage.dll
0x00007ffd5ae80000 - 0x00007ffd5af75000 	C:\WINDOWS\System32\SHCORE.dll
0x00007ffd5ae10000 - 0x00007ffd5ae76000 	C:\WINDOWS\System32\shlwapi.dll
0x00007ffd58b30000 - 0x00007ffd58b59000 	C:\WINDOWS\SYSTEM32\profapi.dll
0x00007ffd03c40000 - 0x00007ffd03c58000 	C:\Users\Bomm\AppData\Roaming\ModrinthApp\meta\java_versions\zulu17.62.17-ca-jre17.0.17-win_x64\bin\zip.dll
0x00007ffd03c20000 - 0x00007ffd03c39000 	C:\Users\Bomm\AppData\Roaming\ModrinthApp\meta\java_versions\zulu17.62.17-ca-jre17.0.17-win_x64\bin\net.dll
0x00007ffd51b10000 - 0x00007ffd51c38000 	C:\WINDOWS\SYSTEM32\WINHTTP.dll
0x00007ffd57f30000 - 0x00007ffd57f9b000 	C:\WINDOWS\system32\mswsock.dll
0x00007ffd03820000 - 0x00007ffd03836000 	C:\Users\Bomm\AppData\Roaming\ModrinthApp\meta\java_versions\zulu17.62.17-ca-jre17.0.17-win_x64\bin\nio.dll
0x00007ffd356a0000 - 0x00007ffd356a9000 	C:\Users\Bomm\AppData\Roaming\ModrinthApp\meta\java_versions\zulu17.62.17-ca-jre17.0.17-win_x64\bin\extnet.dll
0x00007ffd35670000 - 0x00007ffd35679000 	C:\Users\Bomm\AppData\Roaming\ModrinthApp\meta\java_versions\zulu17.62.17-ca-jre17.0.17-win_x64\bin\management.dll
0x00007ffd355d0000 - 0x00007ffd355db000 	C:\Users\Bomm\AppData\Roaming\ModrinthApp\meta\java_versions\zulu17.62.17-ca-jre17.0.17-win_x64\bin\management_ext.dll
0x00007ffd5ac20000 - 0x00007ffd5ac28000 	C:\WINDOWS\System32\PSAPI.DLL
0x00007ffd3bad0000 - 0x00007ffd3bae8000 	C:\WINDOWS\system32\napinsp.dll
0x00007ffd573b0000 - 0x00007ffd574dc000 	C:\WINDOWS\SYSTEM32\DNSAPI.dll
0x00007ffd57370000 - 0x00007ffd573a4000 	C:\WINDOWS\SYSTEM32\IPHLPAPI.DLL
0x00007ffd59cb0000 - 0x00007ffd59cba000 	C:\WINDOWS\System32\NSI.dll
0x00007ffd3b990000 - 0x00007ffd3b9a2000 	C:\WINDOWS\System32\winrnr.dll
0x00007ffd3b960000 - 0x00007ffd3b982000 	C:\WINDOWS\system32\nlansp_c.dll
0x00007ffd3bb00000 - 0x00007ffd3bb16000 	C:\WINDOWS\system32\wshbth.dll
0x00007ffd529b0000 - 0x00007ffd529bb000 	C:\Windows\System32\rasadhlp.dll
0x00007ffd4c530000 - 0x00007ffd4c5b6000 	C:\WINDOWS\System32\fwpuclnt.dll
0x00007ffd35220000 - 0x00007ffd35230000 	C:\Users\Bomm\AppData\Roaming\ModrinthApp\meta\java_versions\zulu17.62.17-ca-jre17.0.17-win_x64\bin\verify.dll
0x00007ffd581f0000 - 0x00007ffd5820b000 	C:\WINDOWS\SYSTEM32\CRYPTSP.dll
0x00007ffd578f0000 - 0x00007ffd5792a000 	C:\WINDOWS\system32\rsaenh.dll
0x00007ffd57fe0000 - 0x00007ffd5800b000 	C:\WINDOWS\SYSTEM32\USERENV.dll
0x00007ffd58b00000 - 0x00007ffd58b2a000 	C:\WINDOWS\SYSTEM32\bcrypt.dll
0x00007ffd58210000 - 0x00007ffd5821c000 	C:\WINDOWS\SYSTEM32\CRYPTBASE.dll
0x00007ffd518f0000 - 0x00007ffd5190e000 	C:\WINDOWS\SYSTEM32\dhcpcsvc6.DLL
0x00007ffd51850000 - 0x00007ffd51873000 	C:\WINDOWS\SYSTEM32\dhcpcsvc.DLL
0x00007ffcd53d0000 - 0x00007ffcd5445000 	C:\Users\Bomm\AppData\Roaming\ModrinthApp\meta\natives\1.20.1-0.19.2\lwjgl.dll
0x00007ffd55f90000 - 0x00007ffd55fd4000 	C:\WINDOWS\SYSTEM32\dxcore.dll
0x00007ffc411c0000 - 0x00007ffc41419000 	C:\Users\Bomm\AppData\Roaming\ModrinthApp\meta\natives\1.20.1-0.19.2\jemalloc.dll
0x00007ffcea270000 - 0x00007ffcea2b0000 	C:\Users\Bomm\AppData\Roaming\ModrinthApp\meta\natives\1.20.1-0.19.2\jna1322054341895002952.dll
0x00007ffd5b010000 - 0x00007ffd5b1a7000 	C:\WINDOWS\System32\Ole32.dll
0x00007ffd59860000 - 0x00007ffd59910000 	C:\WINDOWS\System32\clbcatq.dll
0x00007ffd2c5e0000 - 0x00007ffd2c5fd000 	C:\WINDOWS\SYSTEM32\amsi.dll
0x00007ffd2c530000 - 0x00007ffd2c5d2000 	C:\ProgramData\Microsoft\Windows Defender\Platform\4.18.26030.3011-0\MpOav.dll
0x00007ffd3d9b0000 - 0x00007ffd3da06000 	C:\WINDOWS\SYSTEM32\Pdh.dll
0x00007ffd338d0000 - 0x00007ffd338e1000 	C:\WINDOWS\System32\perfos.dll
0x00007ffd53da0000 - 0x00007ffd53db2000 	C:\WINDOWS\SYSTEM32\pfclient.dll
0x00007ffd429b0000 - 0x00007ffd429be000 	C:\Users\Bomm\AppData\Roaming\ModrinthApp\meta\java_versions\zulu17.62.17-ca-jre17.0.17-win_x64\bin\sunmscapi.dll
0x00007ffd592e0000 - 0x00007ffd59457000 	C:\WINDOWS\System32\CRYPT32.dll
0x00007ffd58480000 - 0x00007ffd584b0000 	C:\WINDOWS\SYSTEM32\ncrypt.dll
0x00007ffd58430000 - 0x00007ffd5846f000 	C:\WINDOWS\SYSTEM32\NTASN1.dll
0x00007ffc541a0000 - 0x00007ffc54330000 	C:\Users\Bomm\AppData\Roaming\ModrinthApp\meta\java_versions\zulu17.62.17-ca-jre17.0.17-win_x64\bin\awt.dll
0x00007ffd06080000 - 0x00007ffd060e1000 	C:\Users\Bomm\AppData\Roaming\ModrinthApp\meta\natives\1.20.1-0.19.2\glfw.dll
0x00007ffd28150000 - 0x00007ffd28158000 	C:\WINDOWS\system32\wshunix.dll
0x00007ffce34b0000 - 0x00007ffce35d1000 	C:\Users\Bomm\AppData\Local\Temp\libzstd-jni_dh-1.5.7-617693481012877880572.dll
0x00007ffc540a0000 - 0x00007ffc54199000 	C:\Users\Bomm\AppData\Local\Temp\sqlite-3.47.2.0-ac6302b2-d649-4e62-94d8-be0fb51578d9-sqlitejdbc.dll
0x00007ffd55eb0000 - 0x00007ffd55f5b000 	C:\WINDOWS\system32\uxtheme.dll
0x00007ffd5a1f0000 - 0x00007ffd5a34e000 	C:\WINDOWS\System32\MSCTF.dll
0x00007ffd56140000 - 0x00007ffd56170000 	C:\WINDOWS\system32\DWMAPI.DLL
0x00007ffcfe700000 - 0x00007ffcfe74b000 	C:\WINDOWS\SYSTEM32\dinput8.dll
0x00007ffd28130000 - 0x00007ffd2814c000 	C:\WINDOWS\SYSTEM32\xinput1_4.dll
0x00007ffd58870000 - 0x00007ffd588c7000 	C:\WINDOWS\SYSTEM32\cfgmgr32.dll
0x00007ffd588d0000 - 0x00007ffd588fd000 	C:\WINDOWS\SYSTEM32\DEVOBJ.dll
0x00007ffd26ad0000 - 0x00007ffd26cb5000 	C:\WINDOWS\SYSTEM32\inputhost.dll
0x00007ffd559d0000 - 0x00007ffd55af7000 	C:\WINDOWS\SYSTEM32\CoreMessaging.dll
0x00007ffc89640000 - 0x00007ffc89750000 	C:\WINDOWS\SYSTEM32\opengl32.dll
0x00007ffd347a0000 - 0x00007ffd347cd000 	C:\WINDOWS\SYSTEM32\GLU32.dll
0x00007ffd42fc0000 - 0x00007ffd42fda000 	C:\WINDOWS\SYSTEM32\windows.staterepositorycore.dll
0x00007ffce4f10000 - 0x00007ffce7835000 	C:\WINDOWS\System32\DriverStore\FileRepository\nv_dispig.inf_amd64_f4c7a2fd13e0f763\nvoglv64.dll
0x00007ffd5a5e0000 - 0x00007ffd5aa6a000 	C:\WINDOWS\System32\SETUPAPI.dll
0x00007ffd55e50000 - 0x00007ffd55e79000 	C:\WINDOWS\SYSTEM32\WTSAPI32.dll
0x00007ffd57c40000 - 0x00007ffd57c89000 	C:\WINDOWS\SYSTEM32\SspiCli.dll
0x00007ffd58320000 - 0x00007ffd58333000 	C:\WINDOWS\SYSTEM32\msasn1.dll
0x00007ffd52e40000 - 0x00007ffd52e7b000 	C:\WINDOWS\SYSTEM32\cryptnet.dll
0x00007ffd582b0000 - 0x00007ffd58315000 	C:\WINDOWS\SYSTEM32\wldp.dll
0x00007ffd52bf0000 - 0x00007ffd52d6b000 	C:\WINDOWS\SYSTEM32\drvstore.dll
0x00007ffd58e60000 - 0x00007ffd58ee0000 	C:\WINDOWS\System32\WINTRUST.dll
0x00007ffd57ac0000 - 0x00007ffd57af6000 	C:\WINDOWS\SYSTEM32\ntmarta.dll
0x00007ffd5a3e0000 - 0x00007ffd5a400000 	C:\WINDOWS\System32\imagehlp.dll
0x00007ffd4cb50000 - 0x00007ffd5184f000 	C:\WINDOWS\System32\DriverStore\FileRepository\nv_dispig.inf_amd64_f4c7a2fd13e0f763\nvgpucomp64.dll
0x00007ffd26090000 - 0x00007ffd26360000 	C:\WINDOWS\system32\nvspcap64.dll
0x00007ffd58340000 - 0x00007ffd583a4000 	C:\WINDOWS\SYSTEM32\WINSTA.dll
0x00007ffd26500000 - 0x00007ffd26648000 	C:\WINDOWS\SYSTEM32\textinputframework.dll
0x00007ffd029a0000 - 0x00007ffd029fd000 	C:\Users\Bomm\AppData\Roaming\ModrinthApp\meta\natives\1.20.1-0.19.2\lwjgl_opengl.dll
0x00007ffcf1e00000 - 0x00007ffcf1e81000 	C:\Users\Bomm\AppData\Roaming\ModrinthApp\meta\natives\1.20.1-0.19.2\lwjgl_stb.dll
0x00007ffd35a90000 - 0x00007ffd35b50000 	C:\WINDOWS\SYSTEM32\mscms.dll
0x00007ffd34270000 - 0x00007ffd342b9000 	C:\WINDOWS\SYSTEM32\icm32.dll
0x00007ffd41f00000 - 0x00007ffd41f12000 	C:\WINDOWS\system32\wbem\wbemprox.dll
0x00007ffd41dd0000 - 0x00007ffd41e4a000 	C:\WINDOWS\SYSTEM32\wbemcomn.dll
0x00007ffd3b630000 - 0x00007ffd3b645000 	C:\WINDOWS\system32\wbem\wbemsvc.dll
0x00007ffd3b650000 - 0x00007ffd3b742000 	C:\WINDOWS\system32\wbem\fastprox.dll
0x00007ffc41cc0000 - 0x00007ffc41e57000 	C:\Users\Bomm\AppData\Roaming\ModrinthApp\meta\natives\1.20.1-0.19.2\OpenAL.dll
0x00007ffd45a50000 - 0x00007ffd45ae7000 	C:\WINDOWS\System32\MMDevApi.dll
0x00007ffce2030000 - 0x00007ffce21a3000 	C:\WINDOWS\System32\Speech\Common\sapi.dll
0x00007ffd53630000 - 0x00007ffd53912000 	C:\WINDOWS\SYSTEM32\CoreUIComponents.dll

dbghelp: loaded successfully - version: 4.0.5 - missing functions: none
symbol engine: initialized successfully - sym options: 0x614 - pdb path: .;C:\Users\Bomm\AppData\Roaming\ModrinthApp\meta\java_versions\zulu17.62.17-ca-jre17.0.17-win_x64\bin;C:\WINDOWS\SYSTEM32;C:\WINDOWS\WinSxS\amd64_microsoft.windows.common-controls_6595b64144ccf1df_6.0.26100.7309_none_3e05feeae336a044;C:\Users\Bomm\AppData\Roaming\ModrinthApp\meta\java_versions\zulu17.62.17-ca-jre17.0.17-win_x64\bin\server;C:\Users\Bomm\AppData\Roaming\ModrinthApp\meta\natives\1.20.1-0.19.2;C:\ProgramData\Microsoft\Windows Defender\Platform\4.18.26030.3011-0;C:\Users\Bomm\AppData\Local\Temp;C:\WINDOWS\System32\DriverStore\FileRepository\nv_dispig.inf_amd64_f4c7a2fd13e0f763;C:\WINDOWS\system32\wbem;C:\WINDOWS\System32\Speech\Common;C:\Users\Bomm\AppData\Local\Medal\HookDLL\MedalHook_1860

VM Arguments:
jvm_args: -XX:HeapDumpPath=MojangTricksIntelDriversForPerformance_javaw.exe_minecraft.exe.heapdump -Djava.library.path=C:\Users\Bomm\AppData\Roaming\ModrinthApp\meta\natives\1.20.1-0.19.2 -Djna.tmpdir=C:\Users\Bomm\AppData\Roaming\ModrinthApp\meta\natives\1.20.1-0.19.2 -Dorg.lwjgl.system.SharedLibraryExtractPath=C:\Users\Bomm\AppData\Roaming\ModrinthApp\meta\natives\1.20.1-0.19.2 -Dio.netty.native.workdir=C:\Users\Bomm\AppData\Roaming\ModrinthApp\meta\natives\1.20.1-0.19.2 -Dminecraft.launcher.brand=theseus -Dminecraft.launcher.version=0.13.6 -DFabricMcEmu=net.minecraft.client.main.Main -Xmx16384M -Dlog4j.configurationFile=C:\Users\Bomm\AppData\Roaming\ModrinthApp\meta\log_configs\client-1.12.xml -javaagent:C:\Users\Bomm\AppData\Local\Temp\.tmpfIyJWb\theseus.jar -Dmodrinth.internal.ipc.host=127.0.0.1 -Dmodrinth.internal.ipc.port=61897 -Dmodrinth.internal.quickPlay.serverVersion=BUILTIN --add-opens=java.base/java.lang.reflect=ALL-UNNAMED 
java_command: com.modrinth.theseus.MinecraftLaunch net.fabricmc.loader.impl.launch.knot.KnotClient --username Mister_T_ --version 1.20.1 --gameDir C:\Users\Bomm\AppData\Roaming\ModrinthApp\profiles\Crate-Rpg --assetsDir C:\Users\Bomm\AppData\Roaming\ModrinthApp\meta\assets --assetIndex 5 --uuid 75f7ee89ec8c4958830517fcf716771a --accessToken eyJraWQiOiIwNDkxODEiLCJhbGciOiJSUzI1NiJ9.eyJ4dWlkIjoiMjUzNTQzNzYyNzM3MTcxNyIsImFnZyI6IkFkdWx0Iiwic3ViIjoiYzMzMGYxYzgtNDY4NS00NjA0LThjMDEtMWM3NTA4NWRkMTBjIiwiYXV0aCI6IlhCT1giLCJucyI6ImRlZmF1bHQiLCJyb2xlcyI6W10sImlzcyI6ImF1dGhlbnRpY2F0aW9uIiwiZmxhZ3MiOlsibXVsdGlwbGF5ZXIiXSwicHJvZmlsZXMiOnsibWMiOiI3NWY3ZWU4OS1lYzhjLTQ5NTgtODMwNS0xN2ZjZjcxNjc3MWEifSwicG1pZCI6IjM2ODQ1YTkwLTk5OGUtNTViOC1iZjIxLTI2ODhkNzg5OWI1OSIsInBsYXRmb3JtIjoiUENfTEFVTkNIRVIiLCJ0aWQiOiJFOTlCMCIsInBmZCI6W3sidHlwZSI6Im1jIiwiaWQiOiI3NWY3ZWU4OS1lYzhjLTQ5NTgtODMwNS0xN2ZjZjcxNjc3MWEiLCJuYW1lIjoiTWlzdGVyX1RfIn1dLCJ4aWQiOiIyNTM1NDM3NjI3MzcxNzE3IiwibmJmIjoxNzc3NDk1Mjk3LCJleHAiOjE3Nzc1ODE2OTcsImlhdCI6MTc3NzQ5NTI5NywiYWlkIjoiMDAwMDAwMDAtMDAwMC0wMDAwLTAwMDAtMDAwMDQwMmI1MzI4In0.LLjnjQQ6YmOC5Uooc7bRB37d3i1rihvQ92cl8UNe5LRxdGBgSTrPs80DihBMvKDNHNV9ebnB1orzqDUA5yZZdd--iDAX3UdO1UrNgIHV8wwgaf2L3Xfv3Ts5OYbsGxk5QVg7INxlNxa1oVyAH-xipmUjdNBViKQEaG1l5X7zLKOvGlXN-t6fvcR_jTT54rD8TnMfV1jwCUaw4VXgaty5Rlrsg13j7D_SJffW93eNWq4ZldTdUJ2EO7b3avkiTGyT6XzvojuquBIG80J38ameDdhic26k7aA0ktAonJY9UtV-RNZiZLOlLz2mCAFXhXjsPTA2IB_KgUkUyhgtIU_R7A --clientId c4502edb-87c6-40cb-b595-64a280cf8906 --xuid 0 --userType msa --versionType release --width 854 --height 480
java_class_path (initial): C:\Users\Bomm\AppData\Local\Temp\.tmpfIyJWb\theseus.jar;C:\Users\Bomm\AppData\Roaming\ModrinthApp\meta\versions\1.20.1-0.19.2\1.20.1-0.19.2.jar;C:\Users\Bomm\AppData\Roaming\ModrinthApp\meta\libraries\com\github\oshi\oshi-core\6.2.2\oshi-core-6.2.2.jar;C:\Users\Bomm\AppData\Roaming\ModrinthApp\meta\libraries\com\google\code\gson\gson\2.10\gson-2.10.jar;C:\Users\Bomm\AppData\Roaming\ModrinthApp\meta\libraries\com\google\guava\failureaccess\1.0.1\failureaccess-1.0.1.jar;C:\Users\Bomm\AppData\Roaming\ModrinthApp\meta\libraries\com\google\guava\guava\31.1-jre\guava-31.1-jre.jar;C:\Users\Bomm\AppData\Roaming\ModrinthApp\meta\libraries\com\ibm\icu\icu4j\71.1\icu4j-71.1.jar;C:\Users\Bomm\AppData\Roaming\ModrinthApp\meta\libraries\com\mojang\authlib\4.0.43\authlib-4.0.43.jar;C:\Users\Bomm\AppData\Roaming\ModrinthApp\meta\libraries\com\mojang\blocklist\1.0.10\blocklist-1.0.10.jar;C:\Users\Bomm\AppData\Roaming\ModrinthApp\meta\libraries\com\mojang\brigadier\1.1.8\brigadier-1.1.8.jar;C:\Users\Bomm\AppData\Roaming\ModrinthApp\meta\libraries\com\mojang\datafixerupper\6.0.8\datafixerupper-6.0.8.jar;C:\Users\Bomm\AppData\Roaming\ModrinthApp\meta\libraries\com\mojang\logging\1.1.1\logging-1.1.1.jar;C:\Users\Bomm\AppData\Roaming\ModrinthApp\meta\libraries\com\mojang\patchy\2.2.10\patchy-2.2.10.jar;C:\Users\Bomm\AppData\Roaming\ModrinthApp\meta\libraries\com\mojang\text2speech\1.17.9\text2speech-1.17.9.jar;C:\Users\Bomm\AppData\Roaming\ModrinthApp\meta\libraries\commons-codec\commons-codec\1.15\commons-codec-1.15.jar;C:\Users\Bomm\AppData\Roaming\ModrinthApp\meta\libraries\commons-io\commons-io\2.11.0\commons-io-2.11.0.jar;C:\Users\Bomm\AppData\Roaming\ModrinthApp\meta\libraries\commons-logging\commons-logging\1.2\commons-logging-1.2.jar;C:\Users\Bomm\AppData\Roaming\ModrinthApp\meta\libraries\io\netty\netty-buffer\4.1.82.Final\netty-buffer-4.1.82.Final.jar;C:\Users\Bomm\AppData\Roaming\ModrinthApp\meta\libraries\io\netty\netty-codec\4.1.82.Final\netty-co
Launcher Type: SUN_STANDARD

[Global flags]
     intx CICompilerCount                          = 12                                        {product} {ergonomic}
     uint ConcGCThreads                            = 5                                         {product} {ergonomic}
     uint G1ConcRefinementThreads                  = 18                                        {product} {ergonomic}
   size_t G1HeapRegionSize                         = 8388608                                   {product} {ergonomic}
    uintx GCDrainStackTargetSize                   = 64                                        {product} {ergonomic}
    ccstr HeapDumpPath                             = MojangTricksIntelDriversForPerformance_javaw.exe_minecraft.exe.heapdump         {manageable} {command line}
   size_t InitialHeapSize                          = 536870912                                 {product} {ergonomic}
   size_t MarkStackSize                            = 4194304                                   {product} {ergonomic}
   size_t MaxHeapSize                              = 17179869184                               {product} {command line}
   size_t MaxNewSize                               = 10301210624                               {product} {ergonomic}
   size_t MinHeapDeltaBytes                        = 8388608                                   {product} {ergonomic}
   size_t MinHeapSize                              = 8388608                                   {product} {ergonomic}
    uintx NonNMethodCodeHeapSize                   = 7602480                                {pd product} {ergonomic}
    uintx NonProfiledCodeHeapSize                  = 122027880                              {pd product} {ergonomic}
    uintx ProfiledCodeHeapSize                     = 122027880                              {pd product} {ergonomic}
    uintx ReservedCodeCacheSize                    = 251658240                              {pd product} {ergonomic}
     bool SegmentedCodeCache                       = true                                      {product} {ergonomic}
   size_t SoftMaxHeapSize                          = 17179869184                            {manageable} {ergonomic}
     bool UseCompressedClassPointers               = true                           {product lp64_product} {ergonomic}
     bool UseCompressedOops                        = true                           {product lp64_product} {ergonomic}
     bool UseG1GC                                  = true                                      {product} {ergonomic}
     bool UseLargePagesIndividualAllocation        = false                                  {pd product} {ergonomic}

Logging:
Log output configuration:
 #0: stdout all=warning uptime,level,tags
 #1: stderr all=off uptime,level,tags

Environment Variables:
PATH=C:\Program Files\Common Files\Oracle\Java\javapath;C:\Program Files (x86)\Common Files\Oracle\Java\javapath;C:\Windows\system32;C:\Windows;C:\Windows\System32\Wbem;C:\Windows\System32\WindowsPowerShell\v1.0\;C:\Windows\System32\OpenSSH\;C:\Program Files (x86)\NVIDIA Corporation\PhysX\Common;C:\Program Files\NVIDIA Corporation\NVIDIA NvDLISR;C:\Program Files (x86)\Qemu;C:\Program Files\dotnet\;C:\WINDOWS\system32;C:\WINDOWS;C:\WINDOWS\System32\Wbem;C:\WINDOWS\System32\WindowsPowerShell\v1.0\;C:\WINDOWS\System32\OpenSSH\;C:\Program Files\Docker\Docker\resources\bin;C:\Users\Bomm\AppData\Local\Microsoft\WindowsApps;C:\Users\Bomm\AppData\Local\Programs\Microsoft VS Code\bin;C:\Users\Bomm\AppData\Local\bin\NASM;C:\Program Files (x86)\GnuWin32\bin;C:\Users\Bomm\.bun\bin;C:\Program Files\dotnet;D:\Programs\IntelliJ\IntelliJ IDEA 2024.2.3\bin;;D:\Programs\texlive\2024\bin\windows;C:\Program Files\JetBrains\IntelliJ IDEA Community Edition 2024.3.4\bin;;C:\Users\Bomm\.dotnet\tools;C:\Users\Bomm\AppData\Local\GitHubDesktop\bin
USERNAME=Bomm
OS=Windows_NT
PROCESSOR_IDENTIFIER=Intel64 Family 6 Model 183 Stepping 1, GenuineIntel
TMP=C:\Users\Bomm\AppData\Local\Temp
TEMP=C:\Users\Bomm\AppData\Local\Temp



Periodic native trim disabled


---------------  S Y S T E M  ---------------

OS:
 Windows 11 , 64 bit Build 26100 (10.0.26100.7623)
OS uptime: 3 days 2:56 hours
Hyper-V role detected

CPU: total 24 (initial active 24) (12 cores per cpu, 2 threads per core) family 6 model 183 stepping 1 microcode 0x115, cx8, cmov, fxsr, ht, mmx, 3dnowpref, sse, sse2, sse3, ssse3, sse4.1, sse4.2, popcnt, lzcnt, tsc, tscinvbit, avx, avx2, aes, erms, clmul, bmi1, bmi2, adx, sha, fma, vzeroupper, clflush, clflushopt, clwb, hv
Processor Information for processor 0
  Max Mhz: 3400, Current Mhz: 3400, Mhz Limit: 3400
Processor Information for processor 1
  Max Mhz: 3400, Current Mhz: 3400, Mhz Limit: 3400
Processor Information for processor 2
  Max Mhz: 3400, Current Mhz: 3400, Mhz Limit: 3400
Processor Information for processor 3
  Max Mhz: 3400, Current Mhz: 3400, Mhz Limit: 3400
Processor Information for processor 4
  Max Mhz: 3400, Current Mhz: 3400, Mhz Limit: 3400
Processor Information for processor 5
  Max Mhz: 3400, Current Mhz: 3400, Mhz Limit: 3400
Processor Information for processor 6
  Max Mhz: 3400, Current Mhz: 3400, Mhz Limit: 3400
Processor Information for processor 7
  Max Mhz: 3400, Current Mhz: 3400, Mhz Limit: 3400
Processor Information for processor 8
  Max Mhz: 3400, Current Mhz: 3400, Mhz Limit: 3400
Processor Information for processor 9
  Max Mhz: 3400, Current Mhz: 3400, Mhz Limit: 3400
Processor Information for processor 10
  Max Mhz: 3400, Current Mhz: 3400, Mhz Limit: 3400
Processor Information for processor 11
  Max Mhz: 3400, Current Mhz: 3400, Mhz Limit: 3400
Processor Information for processor 12
  Max Mhz: 3400, Current Mhz: 3400, Mhz Limit: 3400
Processor Information for processor 13
  Max Mhz: 3400, Current Mhz: 3400, Mhz Limit: 3400
Processor Information for processor 14
  Max Mhz: 3400, Current Mhz: 3400, Mhz Limit: 3400
Processor Information for processor 15
  Max Mhz: 3400, Current Mhz: 3400, Mhz Limit: 3400
Processor Information for processor 16
  Max Mhz: 3400, Current Mhz: 2600, Mhz Limit: 2584
Processor Information for processor 17
  Max Mhz: 3400, Current Mhz: 2600, Mhz Limit: 2584
Processor Information for processor 18
  Max Mhz: 3400, Current Mhz: 2600, Mhz Limit: 2584
Processor Information for processor 19
  Max Mhz: 3400, Current Mhz: 2600, Mhz Limit: 2584
Processor Information for processor 20
  Max Mhz: 3400, Current Mhz: 2600, Mhz Limit: 2584
Processor Information for processor 21
  Max Mhz: 3400, Current Mhz: 2600, Mhz Limit: 2584
Processor Information for processor 22
  Max Mhz: 3400, Current Mhz: 2600, Mhz Limit: 2584
Processor Information for processor 23
  Max Mhz: 3400, Current Mhz: 2600, Mhz Limit: 2584

Memory: 4k page, system-wide physical 32478M (7250M free)
TotalPageFile size 35064M (AvailPageFile size 6M)
current process WorkingSet (physical memory assigned to process): 9468M, peak: 9476M
current process commit charge ("private bytes"): 13148M, peak: 13151M

vm_info: OpenJDK 64-Bit Server VM (17.0.17+10-LTS) for windows-amd64 JRE (17.0.17+10-LTS) (Zulu17.62+17-CA), built on Oct  4 2025 14:54:09 by "zulu_re" with MS VC++ 16.10 / 16.11 (VS2019)

END.
